age,predicted brain age,predicted brain age_adjusted
9.221081451,9.985479643,8.09940733
9.87816564,10.64450037,8.919318559
9.166324435,9.726981171,7.827501316
9.063013699,9.826488831,7.901712802
9.084931507,9.847487136,7.928077797
9.183561644,9.976613575,8.081354341
9.315068493,10.07564716,8.212588065
9.079452055,9.841918131,7.92116712
9.328767123,10.09486114,8.23515623
9.353424658,10.11711367,8.263446285
9.435616438,10.19952232,8.365980025
9.405479452,10.1716044,8.330682907
9.109589041,9.875302047,7.961930234
9.191780822,9.956516032,8.063269307
9.323287671,15.35309093,13.49204434
9.095890411,9.860147988,7.943421994
9.265753425,10.76029678,8.885162629
9.134246575,9.896162115,7.988827829
9.109589041,9.875257789,7.961885977
9.178082192,9.94277779,8.046176884
9.17260274,9.93712066,8.039178082
9.301369863,10.06485587,8.198442596
9.167123288,9.932426509,8.033142257
9.147945205,9.910725862,8.006745757
9.167123288,9.931490119,8.032205868
9.265753425,13.25884131,11.38370716
9.156164384,9.921905254,8.019937658
9.120547945,9.881882109,7.971193641
9.443835616,8.954764893,7.123235103
9.101369863,9.409271883,7.493887562
9.221917808,9.986167749,8.100300223
9.430136986,9.223817826,7.388933856
9.364383562,8.598228598,6.747244558
9.178082192,9.941117673,8.044516767
9.353424658,10.11819511,8.26452772
9.725,10.49022495,8.72753973
9.227777778,9.993667054,8.109234372
9.816666667,10.5825108,8.842270644
9.816666667,10.58027576,8.840035604
9.738888889,10.50138743,8.742102978
8.619444444,9.384009585,7.350623302
9.994444444,10.00499273,8.308282398
8.816666667,9.582888335,7.597792946
9.152777778,9.917695896,8.014899071
9.472222222,10.2349596,8.410380423
8.988888889,10.39066136,8.447735488
8.272222222,9.037475175,6.919069714
9.280555556,10.04228475,8.170774986
9.625,9.393107248,7.605936506
9.583333333,10.34846271,8.551089671
8.575,9.338833802,7.294565064
9.219444444,9.983065616,8.096592474
9.333333333,8.566850543,6.708263691
9.916666667,9.151585531,7.435830899
10,9.326163842,7.630813813
8.083333333,14.24609626,12.08144037
8.333333333,9.09821372,6.994771635
9.166666667,9.760102726,7.860706669
8.583333333,9.345300664,7.303072387
8.5,7.736837107,5.674204227
9.166666667,11.4779807,9.57858464
8.75,9.314208329,7.312789258
8.833333333,8.783673037,6.802658569
5.583333333,6.349402073,3.572608096
10,10.76400103,9.068650998
8.666666667,9.006896069,6.985072395
6.416666667,7.17887872,4.606130771
9.5,10.26600447,8.448226821
8.5,9.264391078,7.201758199
9.5,10.26648359,8.448705944
8.333333333,7.929220372,5.825778286
8.75,9.515816979,7.514397908
10,12.732184,11.03683397
10,10.17270475,8.477354716
9.083333333,8.317649281,6.397848621
8.5,9.263477082,7.200844202
8.75,8.572859576,6.571440504
8.083333333,7.691357962,5.526702069
7.583333333,8.349549092,6.062465582
8.916666667,9.678524726,7.71791486
9.75,10.5147471,8.75818326
9.416666667,10.18234497,8.344162726
5.666666667,6.432233393,3.675844018
6.75,7.515373906,5.024244368
7.833333333,8.599698504,6.373828802
10,10.76548177,9.070131745
9.833333333,10.59911289,8.862953652
9.75,9.746051947,7.98948811
9.916666667,10.68200702,8.966252383
9.416666667,9.903773358,8.065591109
7.583333333,8.082417573,5.795334063
10,10.76562375,9.070273723
8.083333333,8.848593004,6.683937111
8.5,9.264102798,7.201469919
9.166666667,8.527021253,6.627625196
9.903832,10.67023525,8.951337987
9.395277,10.16113281,8.317713188
6.268651,7.03445059,4.42546023
7.445471,8.208891995,5.888052171
9.268993,11.28727551,9.412934594
5.70454,6.466727846,3.719611956
6.333789,10.67297422,8.079933239
7.574492,7.111208141,4.821959784
9.463153,11.08931417,9.26251434
9.633013,8.868413608,7.083204891
9.58955,8.822957227,7.027106368
5.189368,9.021371447,6.148112996
5.362537,7.800536723,4.969679607
9.934633,10.70007525,8.988719766
7.105863,7.871621717,5.467627097
7.510951,8.276245931,5.971439227
7.847707,10.06540018,7.843049949
5.269336,6.989235886,4.135558018
5.161989,5.923905807,3.043943464
7.905315,8.671031763,6.462787149
7.976386,8.741718593,6.550876085
5.016997,5.780783205,2.865318813
7.032397,7.794498491,5.372515336
9.038672,9.696412777,7.765676556
9.610997,10.37579024,8.585190788
5.77812,6.540920593,3.81182115
9.276979,10.03924879,8.166863284
7.798539,8.73555046,6.501161184
5.567191,6.331382546,3.550636034
7.300365,6.538060847,4.18169106
8.034109,8.796163499,6.61945477
8.573351,9.33607175,7.291399246
6.462468,7.227570587,4.666037334
9.17294,9.934256821,8.036396822
5.712297,6.475185228,3.72996868
8.751996,8.943133602,6.942203262
9.392083,10.15492998,8.310728293
6.333903,7.099125044,4.506111978
7.664955,8.431385713,6.164287695
6.221537,6.986276415,4.365749945
6.45973,7.220462362,4.658258695
9.934063,10.69905039,8.987555342
5.616472,7.450299017,4.681619216
8.932352,9.02263243,7.0658632
9.939767,10.44098548,8.730887086
7.949691,8.32894035,6.131561432
8.384668,9.145541345,7.054668822
7.662103,7.243833238,4.976036893
8.103011,8.867640363,6.707802649
9.282454,8.515492391,6.644447468
5.337668,6.102675245,3.265728825
7.470568,9.50364229,7.188947597
6.693018,7.121988753,4.616906873
7.09765,7.382302644,4.976297027
9.260438,10.02246154,8.146025882
7.13096,6.369260537,3.971411049
6.72861,7.282549054,4.786182062
8.48072,8.041423854,5.974070166
7.940908,7.471073511,5.271544029
8.22302,8.98814457,6.857691688
5.682295,6.447470296,3.694907601
9.342801,10.10911543,8.252846786
6.816221,7.58066802,5.105753041
5.742984,6.505384043,3.767681367
9.756103,10.52197854,8.766909057
8.537873,9.300232726,7.246873248
7.749828,6.983511655,4.737195235
8.699292,9.465504633,7.451669442
8.455624,9.220544001,7.147045425
7.571868,6.806092489,4.516201632
5.821811,6.586801068,3.868399595
7.119552,7.88480573,5.484162933
9.069016,8.313470489,6.390164155
8.034451,8.800572645,6.623947656
6.43566,7.198360821,4.630263489
9.44,10.20530938,8.372840424
10,10.76463626,9.069286235
9.15,11.90802604,10.00454906
8.94,8.173073821,6.218177244
9.4,10.1648826,8.322619435
8.86,9.625339708,7.650854713
9.69,10.10097647,8.329721321
8.2,12.22225494,10.08616549
9.69,10.45512025,8.6838651
9.8,10.56391806,8.819596982
9.8,10.56458857,8.820267494
8.2,8.295749201,6.159659751
9.2,9.964318775,8.073084559
8.7721,9.537652796,7.541645025
9.9548,9.527688403,7.821270917
9.9165,9.150347222,7.434551781
9.75,10.38792335,8.631359514
8.67,9.436979085,7.415971596
9.25,10.01262737,8.133635911
7.66,8.426687708,6.158376433
9.66,10.4257046,8.647103795
9.3,8.533135487,6.666386795
8.39,8.805273456,6.715706501
9.41,9.686641844,7.846827227
9.3,10.06608346,8.199334766
8.75,9.516135853,7.514716782
9.31,9.18291048,7.318610339
8.43,7.664762515,5.584989769
8.46,8.627138925,6.554711836
9.73,9.047804054,7.286343111
9.97,10.73345822,9.030762531
9.71,10.47589085,8.709532802
7.26,8.02521155,5.658958181
8.15,7.387979962,5.239647751
7.29,8.054236276,5.695328564
6.47,7.234795651,4.675106648
7.19,7.952128801,5.568735565
8.01,8.775517765,6.592905821
8.82,9.90152067,7.917241465
8.88,9.646473564,7.676885673
8.93,8.72042278,6.763077651
9.23,8.58552189,6.701633331
9.81,10.57476201,8.832889482
9.3149,10.07984487,8.216744525
8.2656,8.407255632,6.287228686
8.2464,9.011106365,6.886378198
8.3203,9.084158193,6.977524828
8.3313,8.615685601,6.511745644
9.2081,9.972159986,8.082909097
8.9363,9.700673056,7.744870515
9.7201,10.48441732,8.720532312
9.5202,10.28380567,8.4709741
9.21,9.97374845,8.084962786
9.5,10.33449548,8.516717836
9.79,9.277068463,7.530298835
10,10.76568839,9.070338365
10,10.764687,9.069336967
7,9.580754542,7.150838812
9.887671233,12.62256423,10.89970991
9.545205479,8.779546131,6.972837283
9.21369863,9.979568145,8.09168811
8.969863014,9.501449899,7.553865438
8.063013699,8.825242838,6.655611575
8.854794521,9.620089583,7.644329999
8.912328767,9.676297582,7.714625559
8.408219178,9.503531179,7.418425284
8.39,9.156155545,7.06658859
9.9,10.50120458,8.781369026
9.7,10.46609083,8.69728423
8.7,8.381060596,6.367398764
8.1,8.863293084,6.702718111
10,10.76670032,9.071350295
9,9.763143271,7.822938009
9,8.234330716,6.294125453
9,9.764546168,7.824340905
9,9.765873701,7.825668438
8,8.761384508,6.576324011
10,9.234393965,7.539043936
8,9.20950741,7.024446913
9,11.37210942,9.431904158
8,8.034147487,5.849086991
9,10.24844028,8.308235014
8,8.766432816,6.581372319
10,10.76692261,9.071572581
10,10.76658279,9.071232756
6.664,7.429026423,4.916839335
5.9,6.665340148,3.966083662
7.958,10.89490829,8.699563879
9.231,9.996277534,8.11263383
8.164,7.401086768,5.25618253
8.887,8.120456953,6.152583048
7.604,7.460780366,5.178757197
9.033,9.79953739,7.86741235
6.363,6.354429602,3.768541089
9.529,10.29571745,8.485040605
7.24,8.004794482,5.633644008
8.15,8.911957908,6.763625697
8.57,9.332829604,7.28733659
9,8.911957908,6.971752645
9.54,10.03609356,8.228110127
9.19,9.953912808,8.060230039
9.48,8.713696332,6.891021581
5.887,6.653085384,3.950645779
7.109,7.874485353,5.471258843
8.556164384,7.793422112,5.744541376
9.578082192,10.5546228,8.755963984
8.024657534,8.675212627,6.496189657
9.750684932,13.01507625,11.25868012
8.619178082,9.381348959,7.347897456
9.619178082,8.852544745,7.063948476
9.471232877,11.9313973,10.10657588
9.021917808,9.788243277,7.853404704
9.117808219,9.608100235,7.696740931
9.64109589,8.873871331,7.090641752
8.331506849,9.096528077,6.992638767
9.375342466,9.393517483,7.545216787
9.405479452,9.746875321,7.905953824
9.295890411,9.203721854,7.335966907
9.309589041,10.07523082,8.210830056
8.942465753,8.176060466,6.221767642
9.652054795,9.320004759,7.539458525
8.068493151,8.834635537,6.666345947
8.594520548,9.35838237,7.318893341
8.178082192,8.942426647,6.800970508
9.268493151,10.03435493,8.159891621
9.435616438,10.20097508,8.36743278
8.471232877,9.511986115,7.442309455
8.821917808,9.5882781,7.60446848
9.808219178,9.045985298,7.303676731
8.854794521,9.621050334,7.64529075
8.64109589,9.405038706,7.376953894
9.61369863,10.37764425,8.587706312
9.167123288,9.93354547,8.034261219
9.564383562,8.798815771,6.996802777
9.136986301,8.371507497,6.464844047
9.860273973,10.62536536,8.895802684
9.156164384,9.921418347,8.019450751
8.060273973,8.825919671,6.655617572
9.208219178,9.973538104,8.084316397
8.898630137,9.664759401,7.699733197
9.632876712,10.39811311,8.612871023
9.897,10.66217736,8.941607244
8.837782,8.071752715,6.091827526
8.898015,8.133896272,6.168719448
9.935661,9.169727746,7.458623976
9.034908,9.799624735,7.867966879
7.126626,7.891881375,5.492970684
9.374401,10.13903574,8.29050452
8.380561,9.145054129,7.053175986
9.229295,9.993838814,8.109777632
8.375086,7.916389516,5.823170789
8.276523,8.610422959,6.493070567
8.542094,9.307427497,7.255101553
6.685832,6.937547287,4.430705878
8.396988,7.632871999,5.545016092
7.989049,7.222130592,5.034388686
7.326489,7.937514474,5.587541285
8.19165,8.464236538,6.326102547
8.1013,8.797195246,6.636938584
8.15332,9.701055799,7.553536507
8.062971,8.825243993,6.655602275
6.329911,7.095018833,4.501028305
7.129363,7.891545024,5.493304501
9,12.71168528,10.77148002
8.26,9.02740178,6.906003644
7.74,8.507347455,6.258624598
9.35,10.11600529,8.261499355
7.19,7.351125987,4.967732752
9.53,10.29411642,8.483684428
9.33,10.09606496,8.236661919
9.17,8.406624351,6.508044478
8.92,11.74164127,9.781847592
8.5,9.264793753,7.202160873
9.75,10.29463624,8.538072405
9.33,8.564832724,6.705429688
7.29,8.051946893,5.693039181
9.12,9.878049148,7.967226514
8.08,14.42676952,12.26129744
8.59,9.352734845,7.312138936
8,8.766333211,6.581272714
8.75,8.801687373,6.800268302
9.75,10.5167346,8.760170761
9.64,8.902590111,7.119092198
8.83,9.595483481,7.613652829
8.02,8.783982426,6.603819034
8.91,9.673125719,7.710883485
9.62,8.946997475,7.158602457
9.23,9.994669955,8.110781396
9.17,12.97366356,11.07508369
9.5,9.987693409,8.169915763
8.56,8.216356218,6.168414653
7.67,8.432881657,6.167018934
9.75,10.51681754,8.760253699
8.92,8.785440712,6.825647031
8.33,7.726366061,5.622107791
8.92,9.68671409,7.726920408
9.02,8.716962977,6.781654819
8.87,9.636152748,7.664116304
8.33,8.780298375,6.676040106
10,11.22506729,9.529717257
9.58,9.848491026,8.050301799
7.5,8.263766257,5.956278144
9.97,10.73176985,9.029074159
8.5,7.732743513,5.670110633
8.3,7.534171446,5.42256752
9.3,10.06559661,8.198847921
8.5,13.04810998,10.9854771
9,9.764670672,7.824465409
10,10.2919496,8.59659957
8.19,7.719600612,5.58106261
8.67,9.434732371,7.413724881
9.17,9.934414192,8.035834319
9.58,10.34545806,8.547268832
7.58,6.817603097,4.529703403
9.73,9.734042152,7.972581209
8.62,9.384873374,7.351623123
8.33,9.633087496,7.528829226
8.34,7.89809422,5.796284503
8.8,9.564022271,7.574845961
8.17,13.23217092,11.08873582
9.327047228,9.960538118,8.100412081
9.57687885,10.34056637,8.541612916
9.077215606,9.841176973,7.919878355
9.90998768,10.0980325,8.380642487
9.493601643,10.25915067,8.43980635
9.410324435,10.17278397,8.33304879
9.327047228,10.09355133,8.233425295
8.993938398,9.760510189,7.818820711
9.493601643,10.09165408,8.272309764
9.243770021,9.794422074,7.913905177
9.993264887,10.75870138,9.061702226
8.993938398,9.760475731,7.818786253
8.993938398,9.7598273,7.818137822
9.57687885,10.34224044,8.543286978
9.327047228,10.09391441,8.233788374
9.327047228,8.560491152,6.700365115
9.90998768,9.143809707,7.42641969
8.993938398,9.759319444,7.817629966
9.90998768,9.165614968,7.448224951
8.993938398,9.759512069,7.817822591
8.993938398,10.59525485,8.653565373
9.743433265,8.977141636,7.218969899
9.493601643,10.25694293,8.437598612
9.90998768,10.67341083,8.956020809
9.493601643,8.72785844,6.908514123
9.660156057,8.893975996,7.115413398
9.410324435,9.448396101,7.608660923
9.743433265,8.976616933,7.218445195
9.077215606,9.843472485,7.922173867
9.160492813,11.24735002,9.346442258
9.57687885,12.60637038,10.80741693
9.160492813,8.393728242,6.492820484
9.077215606,9.841832197,7.920533579
9.993264887,10.75910082,9.062101661
9.493601643,10.25903503,8.439690714
9.243770021,8.988370618,7.10785372
9.90998768,10.67215912,8.954769105
9.160492813,8.960584241,7.059676483
9.327047228,10.09248372,8.232357684
9.57687885,10.26862168,8.469668224
9.826710472,10.59212879,8.854347913
9.743433265,8.981557011,7.223385273
9.826710472,9.062868657,7.32508778
9.077215606,9.203187056,7.281888438
9.410324435,9.328003468,7.488268291
9.660156057,10.42603642,8.647473824
9.243770021,8.477572108,6.597055211
8.993938398,8.663399325,6.721709847
9.410324435,10.17585712,8.336121947
8.993938398,9.757527616,7.815838139
9.660156057,10.42300211,8.644439512
9.57687885,9.581694011,7.782740554
9.160492813,9.926303925,8.025396167
9.826710472,10.48689784,8.749116963
9.743433265,9.734391155,7.976219417
8.910661191,8.520659198,6.55857886
9.993264887,10.75613579,9.059136629
9.077215606,9.841578272,7.920279655
9.57687885,10.1197633,8.320809846
9.410324435,10.17293122,8.333196039
9.410324435,9.864043629,8.024308452
8.993938398,8.93196393,6.990274452
8.993938398,8.228277522,6.286588044
9.493601643,8.728290183,6.908945865
9.993264887,9.645516984,7.948517827
8.993938398,8.829260492,6.887571015
9.077215606,9.842934146,7.921635528
9.660156057,10.42515496,8.646592363
9.243770021,10.00659728,8.126080386
8.993938398,9.09997311,7.158283632
9.077215606,9.844350063,7.923051445
9.243770021,9.496096261,7.615579363
9.993264887,10.75983983,9.06284067
9.826710472,9.061749235,7.323968358
9.160492813,9.926627663,8.025719906
9.90998768,10.56360288,8.846212864
8.993938398,9.045700665,7.104011188
8.993938398,8.881187283,6.939497805
9.826710472,10.2169092,8.479128318
9.826710472,9.913289002,8.175508125
9.660156057,10.42443016,8.645867562
9.327047228,10.09251998,8.232393938
9.410324435,10.03423401,8.194498829
9.327047228,9.968102649,8.107976611
9.243770021,9.796821597,7.916304699
9.57687885,9.813811913,8.014858456
9.077215606,9.550683771,7.629385154
9.410324435,9.802882676,7.963147499
9.077215606,8.912842024,6.991543406
9.327047228,10.09248255,8.232356509
8.993938398,8.896236405,6.954546927
9.90998768,10.67525811,8.957868096
9.410324435,10.17356243,8.333827255
9.160492813,8.394543647,6.493635889
9.90998768,12.7287433,11.01135328
9.57687885,10.05942675,8.260473288
9.660156057,10.42650262,8.647940018
9.743433265,8.977601039,7.219429302
9.077215606,10.11385622,8.1925576
8.993938398,10.30502025,8.363330774
8.910661191,8.143746554,6.181666217
9.493601643,9.34506968,7.525725362
9.743433265,10.50946418,8.751292444
9.826710472,10.59259315,8.854812275
8.993938398,9.760615818,7.81892634
9.077215606,8.315471498,6.394172881
9.160492813,9.926785291,8.025877533
9.160492813,9.923581334,8.022673576
8.993938398,8.964916548,7.02322707
9.077215606,8.311502451,6.390203833
9.743433265,9.582306884,7.824135147
9.410324435,10.47667833,8.636943152
9.57687885,12.0837082,10.28475474
9.160492813,9.512295125,7.611387368
9.993264887,9.527395631,7.830396474
9.57687885,9.602487908,7.803534451
9.993264887,10.75873713,9.061737969
9.826710472,10.15045112,8.412670245
9.243770021,10.00920623,8.128689333
9.243770021,8.821146493,6.940629596
9.743433265,10.50960517,8.751433438
9.743433265,8.979536043,7.221364305
9.160492813,9.926592544,8.025684787
9.493601643,9.617069728,7.797725411
9.90998768,10.67197361,8.954583598
9.243770021,10.00966419,8.129147292
9.243770021,10.01080793,8.130291032
9.660156057,10.42505427,8.646491669
9.077215606,9.841041185,7.919742568
9.077215606,10.2371844,8.315885787
9.993264887,9.227951948,7.530952791
8.993938398,9.759792738,7.81810326
9.493601643,10.25948727,8.44014295
9.243770021,10.0105729,8.130056006
9.993264887,11.03552554,9.338526386
9.57687885,9.1464676,7.347514142
9.243770021,10.0067009,8.126184001
9.660156057,10.42369219,8.645129593
8.993938398,9.760175187,7.818485709
9.993264887,10.68880561,8.991806457
9.327047228,8.560417199,6.700291161
8.993938398,9.758860836,7.817171358
9.660156057,8.894866494,7.116303897
9.243770021,10.00557262,8.125055721
9.493601643,8.728462296,6.909117979
9.660156057,10.425964,8.647401406
9.410324435,9.580830104,7.741094927
8.993938398,9.75996663,7.818277153
9.077215606,9.843371035,7.922072417
9.993264887,9.227258589,7.530259432
9.743433265,10.50799638,8.749824643
9.493601643,9.460623479,7.641279162
9.077215606,9.805237529,7.883938911
9.493601643,10.25951778,8.440173466
9.160492813,8.686747062,6.785839304
9.826710472,10.59264327,8.854862392
9.243770021,10.00452401,8.124007117
9.743433265,11.63361287,9.875441135
9.57687885,9.965474006,8.166520549
9.660156057,10.42534269,8.646780095
9.077215606,9.842470938,7.92117232
9.57687885,10.34212704,8.543173586
9.826710472,9.059573987,7.32179311
9.160492813,9.925013538,8.02410578
9.90998768,11.09936301,9.381972989
9.57687885,8.9937043,7.194750843
9.743433265,9.070105377,7.31193364
9.57687885,8.810820908,7.01186745
9.743433265,9.174555741,7.416384004
8.993938398,9.759744249,7.818054772
8.993938398,8.522547036,6.580857558
9.243770021,10.00948313,8.128966233
9.327047228,9.6799148,7.819788762
9.160492813,9.927232463,8.026324705
9.160492813,8.396305301,6.495397543
9.826710472,9.061574431,7.323793554
8.910661191,8.14477263,6.182692292
9.743433265,9.199892335,7.441720597
9.90998768,10.67489262,8.957502606
9.993264887,9.227566575,7.530567418
9.493601643,10.25902209,8.439677771
9.327047228,10.09174046,8.231614425
9.826710472,10.5921891,8.854408226
8.910661191,9.890283943,7.928203605
9.160492813,10.24210926,8.341201506
9.327047228,10.09224699,8.232120956
8.993938398,9.75817581,7.816486332
9.077215606,9.154957505,7.233658888
8.993938398,8.231712811,6.290023334
9.90998768,9.871435119,8.154045102
9.90998768,9.143565008,7.426174992
9.243770021,9.856512996,7.975996099
9.410324435,9.887646353,8.047911176
9.327047228,10.09296643,8.232840397
9.743433265,10.38711887,8.628947129
9.57687885,9.993515098,8.194561641
9.660156057,9.759788883,7.981226286
9.993264887,10.75876986,9.061770708
9.160492813,9.927427912,8.026520154
9.660156057,10.4260806,8.647518005
9.160492813,9.861363195,7.960455437
8.993938398,8.957169665,7.015480187
9.826710472,10.59397065,8.856189772
9.243770021,10.00942845,8.128911554
9.993264887,9.227773416,7.530774259
9.493601643,9.520777901,7.701433584
9.826710472,9.064384116,7.326603239
9.327047228,8.56294061,6.702814573
9.327047228,11.10617725,9.24605121
9.410324435,8.64700596,6.807270782
9.410324435,10.17431387,8.334578692
9.493601643,9.693537997,7.87419368
9.57687885,10.94461188,9.145658422
9.90998768,9.143942907,7.42655289
9.826710472,10.14909127,8.411310389
9.410324435,8.644779905,6.805044728
9.90998768,9.978745351,8.261355334
9.743433265,10.50987694,8.751705207
9.327047228,9.330426414,7.470300377
8.993938398,9.456142127,7.51445265
9.493601643,10.2574948,8.438150485
9.077215606,8.311271425,6.389972808
8.993938398,8.759127251,6.817437773
9.410324435,8.69113534,6.851400162
9.826710472,10.16927726,8.431496379
9.410324435,8.644019795,6.804284618
9.493601643,8.727360116,6.908015799
9.993264887,9.64729934,7.950300183
9.327047228,10.09253902,8.23241298
8.993938398,8.512339367,6.570649889
9.743433265,9.756055227,7.99788349
8.993938398,9.590379845,7.648690367
9.90998768,10.67562846,8.958238441
9.493601643,10.25577007,8.436425757
9.077215606,11.32155309,9.400254475
9.826710472,10.33889206,8.601111183
8.993938398,9.757774447,7.816084969
9.493601643,9.34825252,7.528908203
9.90998768,9.144925281,7.427535264
9.826710472,9.916913272,8.179132395
8.993938398,9.274647751,7.332958273
9.826710472,9.485623388,7.747842511
9.57687885,10.34342515,8.544471689
9.243770021,10.00553267,8.125015774
9.660156057,9.377912236,7.599349638
8.993938398,9.760629363,7.818939885
9.57687885,8.810180396,7.011226939
9.327047228,8.563333565,6.703207528
9.243770021,10.00971851,8.129201617
9.493601643,10.16147102,8.342126703
8.993938398,9.75593273,7.814243252
9.660156057,8.894375046,7.115812449
9.160492813,9.925815715,8.024907957
9.993264887,10.75842758,9.061428425
9.993264887,10.75918399,9.062184831
9.493601643,10.03375317,8.214408856
9.660156057,10.42676364,8.648201046
9.160492813,8.394767947,6.493860189
9.660156057,10.42652,8.647957401
9.993264887,10.75564788,9.058648723
9.826710472,9.063308136,7.325527259
9.993264887,10.75974654,9.06274738
9.660156057,9.093766278,7.315203681
9.743433265,8.977025304,7.218853567
8.910661191,9.675982309,7.713901971
9.493601643,8.818595903,6.999251586
9.826710472,10.59004794,8.852267058
9.90998768,10.67459281,8.957202792
9.160492813,9.927203799,8.026296041
9.743433265,10.50640869,8.748236957
9.90998768,10.67577921,8.958389189
9.90998768,10.67399861,8.956608588
9.160492813,9.005326775,7.104419017
8.910661191,10.43251711,8.470436775
9.493601643,9.363798343,7.544454026
9.493601643,8.726686116,6.907341799
9.077215606,8.311697855,6.390399237
8.993938398,9.057960198,7.11627072
9.077215606,9.522947307,7.60164869
9.493601643,8.727257487,6.90791317
9.077215606,9.839704624,7.918406007
9.160492813,8.906262528,7.00535477
9.160492813,9.925712053,8.024804296
9.243770021,10.0096446,8.129127705
9.160492813,9.925643048,8.024735291
8.993938398,9.104394364,7.162704886
9.57687885,10.34210335,8.543149894
9.90998768,10.17641756,8.459027544
9.160492813,8.394409567,6.493501809
9.243770021,9.809082539,7.928565642
9.493601643,10.25659463,8.437250314
9.743433265,9.904877455,8.146705718
9.410324435,9.401149037,7.56141386
9.077215606,9.840330471,7.919031853
9.826710472,10.59150117,8.853720291
9.077215606,9.226493588,7.305194971
9.493601643,9.088777083,7.269432766
9.077215606,9.180433188,7.25913457
9.077215606,9.842000585,7.920701968
9.826710472,10.59290133,8.855120448
9.410324435,10.57941046,8.739675285
9.993264887,10.99522834,9.298229187
9.826710472,10.65918628,8.921405403
9.160492813,8.395142128,6.49423437
8.993938398,8.771965838,6.830276361
9.493601643,8.726332746,6.906988429
9.160492813,8.479585079,6.578677322
9.243770021,10.00976295,8.129246055
9.327047228,10.09121291,8.231086872
9.160492813,8.398132644,6.497224887
9.826710472,9.060031835,7.322250958
9.243770021,14.59256989,12.71205299
8.910661191,9.676653347,7.714573009
9.493601643,10.25882949,8.439485175
9.160492813,9.265852831,7.364945074
8.993938398,9.758452911,7.816763433
9.160492813,9.565410045,7.664502287
9.077215606,9.125491513,7.204192895
9.660156057,10.30253239,8.523969791
8.993938398,9.760130743,7.818441265
9.660156057,8.895436499,7.116873901
9.077215606,9.843630526,7.922331908
9.493601643,9.036507691,7.217163374
9.327047228,9.329820506,7.469694468
9.90998768,10.67319361,8.955803597
9.327047228,10.09058628,8.230460241
9.243770021,10.00633583,8.125818928
9.493601643,9.811664679,7.992320362
9.327047228,10.09186952,8.231743478
9.410324435,9.572256282,7.732521104
9.077215606,9.846286274,7.924987656
9.077215606,10.85762093,8.936322313
9.826710472,10.97476344,9.23698256
9.57687885,10.2982366,8.499283139
9.90998768,9.67983191,7.962441893
8.993938398,9.630807829,7.689118351
9.410324435,10.1762615,8.33652632
9.743433265,9.333946441,7.575774704
9.826710472,10.20991315,8.472132269
9.90998768,9.474456716,7.757066699
9.493601643,10.25979975,8.440455436
9.743433265,9.657317214,7.899145477
9.160492813,9.927836811,8.026929053
9.493601643,10.25952591,8.440181594
9.660156057,10.42492623,8.64636363
8.910661191,9.675366972,7.713286634
8.993938398,9.759558689,7.817869211
9.993264887,9.903728169,8.206729012
9.160492813,9.925330983,8.024423225
9.57687885,8.809882355,7.010928897
8.993938398,9.759076844,7.817387366
9.57687885,10.34216097,8.54320751
9.077215606,9.842276097,7.920977479
9.743433265,8.977679334,7.219507597
9.077215606,9.844246326,7.922947708
9.077215606,8.315129351,6.393830733
9.57687885,10.34126037,8.542306909
9.327047228,10.09092947,8.230803437
9.826710472,9.061148867,7.32336799
9.493601643,10.25939297,8.440048658
9.160492813,9.304860097,7.40395234
9.660156057,9.059038521,7.280475924
8.993938398,9.71875689,7.777067413
9.57687885,8.762959231,6.964005773
9.826710472,13.03274368,11.2949628
9.90998768,9.720618441,8.003228424
9.160492813,9.927122735,8.026214977
9.243770021,10.00957255,8.129055653
9.243770021,10.00975902,8.129242123
9.743433265,11.62421814,9.866046398
8.910661191,9.675647307,7.713566969
9.826710472,10.50064332,8.762862445
9.077215606,8.314922754,6.393624137
8.993938398,9.548472034,7.606782556
9.327047228,9.156600709,7.296474672
9.57687885,9.192657213,7.393703756
9.90998768,9.143785222,7.426395205
9.493601643,9.641479557,7.822135239
9.410324435,8.646094325,6.806359147
9.493601643,10.25988438,8.440540061
9.160492813,8.395796052,6.494888295
9.90998768,9.820875573,8.103485556
9.743433265,10.50908305,8.75091131
9.993264887,9.228029081,7.531029924
9.243770021,10.00992693,8.129410033
9.493601643,8.727223017,6.9078787
9.660156057,9.449812324,7.671249726
8.993938398,9.759470458,7.81778098
9.327047228,8.563628926,6.703502888
9.243770021,10.00923831,8.128721413
8.993938398,10.37386973,8.432180255
8.910661191,9.596157971,7.634077633
9.57687885,9.54645991,7.747506453
9.660156057,10.42460897,8.646046368
9.327047228,10.09347445,8.233348413
9.57687885,15.57731139,13.77835793
9.993264887,10.22270487,8.525705716
9.743433265,8.978176991,7.220005254
9.327047228,10.06744408,8.20731804
9.57687885,10.55275335,8.753799894
9.743433265,10.51062771,8.752455972
9.57687885,8.810325743,7.011372286
8.993938398,9.530945264,7.589255786
9.243770021,10.00581058,8.125293678
9.826710472,9.221746385,7.483965507
9.90998768,9.144056813,7.426666796
9.826710472,9.064164828,7.326383951
9.993264887,10.01191891,8.314919755
9.160492813,9.925838368,8.024930611
9.160492813,9.925567721,8.024659963
9.077215606,9.581126421,7.659827803
9.160492813,9.927461416,8.026553658
9.077215606,9.842569767,7.921271149
9.57687885,10.34235239,8.543398935
9.160492813,9.926435,8.025527243
9.826710472,10.14456225,8.40678137
8.993938398,9.759852447,7.818162969
9.327047228,10.0030256,8.142899563
9.327047228,10.09124835,8.231122314
8.993938398,9.760041435,7.818351957
9.077215606,8.78587858,6.864579962
9.90998768,10.4730236,8.755633584
9.57687885,10.34197624,8.543022785
9.077215606,8.571505187,6.650206569
9.410324435,8.644762235,6.805027057
9.410324435,8.648349205,6.808614028
8.993938398,9.759018975,7.817329497
9.160492813,8.395394659,6.494486902
9.327047228,8.560956637,6.700830599
9.243770021,10.00816069,8.127643796
9.160492813,8.695540709,6.794632951
9.993264887,10.75951314,9.062513984
9.160492813,9.927642418,8.026734661
9.493601643,9.83008498,8.010740663
9.57687885,11.55139493,9.752441471
9.826710472,9.25398581,7.516204933
9.826710472,10.5876666,8.849885723
9.993264887,10.04481349,8.347814334
9.077215606,9.842487979,7.921189361
8.993938398,9.756708246,7.815018768
9.660156057,10.42501185,8.646449256
9.743433265,10.05035157,8.292179832
8.993938398,9.265126987,7.32343751
9.243770021,8.686667654,6.806150756
9.327047228,10.09173629,8.231610253
9.743433265,10.50939443,8.751222693
8.910661191,9.675194583,7.713114245
9.243770021,8.477337062,6.596820165
9.077215606,9.452316826,7.531018209
9.90998768,9.539075049,7.821685032
9.90998768,10.67644231,8.959052292
9.90998768,9.144401638,7.427011621
9.410324435,10.17692274,8.337187561
9.57687885,10.34159138,8.542637922
8.993938398,9.75775261,7.816063132
9.160492813,8.490957358,6.5900496
9.077215606,9.47617164,7.554873023
8.993938398,9.759063249,7.817373771
9.243770021,11.5641798,9.683662905
9.743433265,9.87098789,8.112816153
9.410324435,10.17669244,8.336957259
8.993938398,9.085689766,7.144000288
9.410324435,10.16582829,8.32609311
9.493601643,8.731218054,6.911873736
9.993264887,12.52723212,10.83023296
9.90998768,9.632063996,7.914673979
9.160492813,9.925739929,8.024832171
9.743433265,9.679302992,7.921131255
9.90998768,9.14425289,7.426862873
9.993264887,10.0864024,8.389403239
9.077215606,9.843819818,7.9225212
8.993938398,9.004573985,7.062884507
9.826710472,10.59247851,8.854697637
9.743433265,10.50952408,8.751352341
9.660156057,10.4256019,8.6470393
9.077215606,9.839214941,7.917916324
9.160492813,8.962279222,7.061371464
9.410324435,10.17546595,8.335730773
8.993938398,9.255631527,7.31394205
8.910661191,8.143186283,6.181105946
9.90998768,10.02065052,8.303260499
9.160492813,9.923211247,8.022303489
8.910661191,9.677013477,7.71493314
9.660156057,10.4238427,8.645280099
9.826710472,10.59243779,8.854656916
9.493601643,8.72716737,6.907823052
9.57687885,8.810842432,7.011888974
9.826710472,10.58830043,8.850519558
9.90998768,10.2928354,8.575445382
9.743433265,10.50684236,8.748670619
8.993938398,9.75889407,7.817204592
9.493601643,11.38566558,9.566321265
9.243770021,10.00986199,8.129345093
9.743433265,10.51004051,8.751868777
8.993938398,9.759711708,7.81802223
9.57687885,10.34247183,8.543518368
9.660156057,10.2167125,8.438149901
9.660156057,14.58044054,12.80187795
9.993264887,10.75907264,9.06207348
9.660156057,10.29017471,8.51161211
9.826710472,9.062379619,7.324598741
8.993938398,9.427109727,7.485420249
9.660156057,10.42495692,8.646394326
9.743433265,9.803613663,8.045441926
9.743433265,8.978185979,7.220014242
9.660156057,10.4257399,8.647177305
9.660156057,10.4250578,8.646495202
8.993938398,9.759897894,7.818208416
9.993264887,10.72820528,9.031206118
9.243770021,8.47717888,6.596661983
9.160492813,9.913859595,8.012951838
9.90998768,10.02921045,8.311820431
9.410324435,10.17538942,8.335654238
9.327047228,8.563375324,6.703249286
9.243770021,10.0109196,8.130402706
9.493601643,10.25816148,8.438817159
9.660156057,9.10419961,7.325637013
9.993264887,9.230580309,7.533581152
9.243770021,10.00802343,8.127506528
9.826710472,9.782336034,8.044555157
9.993264887,9.639157251,7.942158094
9.493601643,10.52741531,8.708070997
8.910661191,9.67542589,7.713345553
9.57687885,8.811423971,7.012470514
9.327047228,8.561200804,6.701074766
9.57687885,10.34304203,8.544088575
9.660156057,10.42579385,8.647231251
9.077215606,8.798066599,6.876767982
9.160492813,9.92437834,8.023470583
9.660156057,8.894659001,7.116096404
8.910661191,8.417877739,6.455797402
9.826710472,9.106224498,7.368443621
9.410324435,9.352620184,7.512885007
8.993938398,9.75816298,7.816473503
9.90998768,9.248225263,7.530835246
9.90998768,10.62532643,8.907936413
9.660156057,10.42611243,8.647549828
8.993938398,15.91089756,13.96920808
9.743433265,10.50662674,8.748454999
9.90998768,10.6766215,8.959231488
9.660156057,9.048251322,7.269688724
9.243770021,8.69965127,6.819134373
9.077215606,8.434199664,6.512901046
9.993264887,10.25066364,8.553664486
9.410324435,9.575295061,7.735559884
9.160492813,8.398845063,6.497937305
9.660156057,10.42604735,8.647484753
9.826710472,10.59230238,8.854521499
9.743433265,10.35551875,8.597347014
9.90998768,10.67554784,8.958157823
8.993938398,9.421604515,7.479915038
9.826710472,10.59236601,8.85458513
9.57687885,9.916896155,8.117942698
9.993264887,9.230323697,7.53332454
8.993938398,8.23138869,6.289699212
8.993938398,8.62294031,6.681250832
9.826710472,10.59269018,8.854909308
9.077215606,9.843369836,7.922071218
9.077215606,9.840703243,7.919404625
9.410324435,9.310028201,7.470293023
8.993938398,8.229728606,6.288039128
9.410324435,8.643622499,6.803887321
9.077215606,8.311694936,6.390396318
9.077215606,9.06194468,7.140646062
8.993938398,9.056267619,7.114578141
9.660156057,9.401613749,7.623051151
9.077215606,10.41976945,8.498470837
9.660156057,10.42650929,8.647946695
8.910661191,9.676491446,7.714411108
9.493601643,8.841238244,7.021893927
9.90998768,10.67526147,8.957871456
9.90998768,10.67734795,8.959957934
9.243770021,8.8449784,6.964461503
9.743433265,9.261146683,7.502974946
9.660156057,9.141376968,7.36281437
9.993264887,9.7331698,8.036170643
8.993938398,14.1385862,12.19689673
8.993938398,9.747898474,7.806208996
9.493601643,10.16148155,8.342137234
9.410324435,10.1764865,8.336751322
9.826710472,9.061497399,7.323716522
9.327047228,10.08881786,8.228691818
9.077215606,8.312307469,6.391008851
9.993264887,10.75868699,9.06168783
9.327047228,9.649475057,7.789349019
9.327047228,10.09259635,8.232470312
9.410324435,10.17303673,8.333301557
9.826710472,10.5922878,8.854506923
9.743433265,9.395983582,7.637811845
9.077215606,9.841348309,7.920049691
9.493601643,10.04193001,8.222585697
9.826710472,10.66377752,8.925996643
8.993938398,9.759639448,7.81794997
9.90998768,10.12801737,8.410627353
8.993938398,9.614516447,7.67282697
9.243770021,10.00918674,8.128669846
8.993938398,9.758705544,7.817016066
9.993264887,10.75713223,9.060133077
9.493601643,10.25803182,8.438687507
9.160492813,11.28733641,9.386428654
8.993938398,9.75935687,7.817667392
9.077215606,9.330935138,7.40963652
9.743433265,9.622769774,7.864598036
9.077215606,9.842714493,7.921415875
8.993938398,9.258561501,7.316872023
8.993938398,9.757795695,7.816106217
9.660156057,9.369524766,7.590962169
9.077215606,9.366023618,7.444725
9.743433265,12.19338489,10.43521315
9.826710472,10.5256012,8.787820321
9.57687885,8.865198051,7.066244593
9.826710472,9.05931234,7.321531462
9.826710472,10.3836562,8.645875318
9.160492813,8.395736154,6.494828397
9.826710472,9.060965052,7.323184175
9.660156057,10.20615056,8.427587962
9.743433265,10.3877725,8.629600759
9.327047228,9.976319576,8.116193538
8.993938398,9.760413863,7.818724385
9.90998768,10.67639775,8.959007735
9.243770021,10.00959537,8.129078472
9.826710472,10.58857633,8.850795449
9.077215606,8.314862805,6.393564188
9.826710472,9.096834716,7.359053839
9.410324435,10.17554956,8.335814385
9.327047228,10.0926205,8.232494462
9.90998768,9.697338269,7.979948252
9.743433265,10.50964232,8.751470584
9.660156057,10.42630787,8.647745277
9.077215606,9.844258085,7.922959468
9.160492813,9.926797563,8.025889805
9.410324435,8.83589504,6.996159863
9.077215606,9.604179894,7.682881276
8.993938398,9.665706262,7.724016784
9.077215606,9.842897983,7.921599365
9.826710472,9.960683049,8.222902172
8.993938398,8.260068985,6.318379507
9.993264887,9.226756705,7.529757548
8.993938398,8.999828382,7.058138904
8.993938398,9.157458255,7.215768777
9.160492813,9.92293817,8.022030413
9.826710472,10.07157831,8.333797438
9.077215606,9.842181172,7.920882554
8.910661191,8.14375293,6.181672592
9.826710472,9.06168018,7.323899303
9.160492813,8.864794712,6.963886954
9.57687885,9.66843735,7.869483893
8.993938398,9.05426515,7.112575672
9.826710472,9.061339879,7.323559002
9.743433265,11.51704053,9.758868796
9.410324435,10.12266016,8.282924987
8.993938398,9.760766445,7.819076967
9.410324435,10.17589048,8.336155305
9.660156057,10.05563877,8.277076174
9.993264887,10.75569327,9.05869411
9.160492813,9.926608914,8.025701156
9.743433265,10.50901189,8.750840149
9.160492813,9.925980971,8.025073214
9.160492813,9.922070879,8.021163122
9.660156057,11.82971181,10.05114922
8.993938398,9.755266384,7.813576906
9.90998768,10.67597677,8.958586751
9.993264887,9.619844343,7.922845186
8.993938398,9.160579632,7.218890154
8.993938398,9.588454558,7.64676508
9.57687885,9.484173253,7.685219795
9.243770021,10.00997795,8.12946105
9.243770021,10.00972709,8.129210189
8.993938398,9.755478665,7.813789187
9.993264887,9.229049605,7.532050448
9.743433265,10.50881699,8.750645249
9.243770021,10.00968273,8.129165834
9.743433265,11.43897885,9.68080711
9.410324435,10.17486901,8.335133829
8.993938398,9.760565684,7.818876206
9.077215606,9.843341063,7.922042445
9.243770021,9.424246988,7.54373009
9.160492813,8.902735021,7.001827263
8.993938398,9.760417995,7.818728517
8.993938398,9.759831934,7.818142456
9.327047228,12.92868828,11.06856225
9.660156057,10.42506334,8.646500744
9.410324435,10.17695875,8.337223576
9.160492813,8.791752771,6.890845013
9.993264887,8.19599333,6.498994173
9.077215606,9.841946112,7.920647495
9.493601643,10.22127642,8.401932101
9.660156057,10.61308582,8.834523227
9.243770021,10.00967536,8.129158459
9.493601643,8.567154584,6.747810266
9.826710472,9.08154954,7.343768663
9.160492813,9.922392809,8.021485051
8.993938398,9.759598424,7.817908947
9.660156057,9.797019334,8.018456737
9.57687885,10.33881874,8.539865287
8.993938398,8.228099889,6.286410412
9.243770021,10.00974983,8.129232936
9.743433265,10.50789637,8.749724633
9.077215606,9.84290937,7.921610753
9.160492813,9.622954141,7.722046383
9.327047228,10.09106282,8.230936785
9.077215606,9.632901084,7.711602466
9.327047228,9.311613295,7.451487258
9.57687885,10.34230607,8.543352608
9.90998768,10.79378592,9.076395902
9.243770021,9.587067495,7.706550598
9.743433265,10.50781973,8.749647994
8.910661191,9.326955196,7.364874858
9.077215606,9.842101284,7.920802666
9.493601643,10.25663818,8.437293861
9.90998768,9.147339355,7.429949338
9.743433265,10.50811258,8.749940843
9.410324435,10.17664449,8.336909313
8.993938398,9.036020257,7.094330779
9.077215606,9.842807231,7.921508613
9.327047228,9.017000914,7.156874876
9.493601643,14.60843001,12.78908569
9.57687885,10.06936424,8.27041078
9.160492813,9.577190915,7.676283157
9.743433265,10.51100791,8.752836169
9.743433265,9.30010806,7.541936323
9.493601643,10.25942186,8.440077543
9.243770021,10.00987162,8.129354726
9.660156057,10.42520201,8.646639408
9.743433265,10.50602942,8.747857681
8.910661191,9.61134876,7.649268422
8.993938398,9.759501081,7.817811603
9.57687885,9.185688945,7.386735488
9.077215606,9.839878466,7.918579848
9.077215606,8.310754694,6.389456077
9.993264887,9.227219108,7.530219951
9.993264887,9.049770096,7.352770939
9.410324435,9.774888766,7.935153589
8.993938398,9.75784198,7.816152502
9.077215606,9.842407735,7.921109118
9.410324435,10.17277222,8.333037047
9.243770021,9.029621544,7.149104646
9.077215606,9.839823553,7.918524935
9.660156057,10.11374723,8.335184634
9.993264887,9.230676187,7.53367703
9.077215606,8.310602559,6.389303941
9.743433265,12.08398942,10.32581768
9.160492813,9.566276149,7.665368392
9.90998768,10.47678763,8.759397611
9.493601643,8.72753956,6.908195243
9.077215606,9.844000311,7.922701694
9.160492813,8.823089938,6.922182181
9.57687885,10.34413216,8.545178699
9.243770021,8.482758228,6.602241331
9.660156057,10.4253131,8.646750506
9.660156057,9.437010334,7.658447736
9.160492813,9.926574131,8.025666373
9.90998768,9.779647983,8.062257966
9.493601643,8.726865238,6.90752092
9.90998768,9.973126701,8.255736684
8.993938398,9.761578525,7.819889047
9.243770021,9.093756963,7.213240066
9.077215606,8.310827533,6.389528915
8.993938398,8.586781047,6.645091569
9.826710472,9.816027051,8.078246174
9.57687885,9.2457795,7.446826043
9.90998768,9.827193022,8.109803005
9.826710472,10.58977664,8.85199576
9.826710472,9.656869941,7.919089064
9.90998768,9.205762366,7.488372349
8.993938398,9.759987691,7.818298213
8.993938398,8.991272353,7.049582875
9.90998768,10.67687027,8.959480254
9.160492813,9.964805355,8.063897598
9.660156057,10.42662623,8.648063638
9.410324435,10.17719877,8.337463597
9.57687885,10.34256865,8.543615189
9.160492813,9.923147719,8.022239962
9.826710472,9.061151949,7.323371072
9.327047228,10.09318042,8.233054382
9.410324435,10.17659211,8.336856929
9.743433265,10.45980258,8.701630846
9.993264887,10.75523905,9.058239888
9.077215606,9.843229215,7.921930597
9.826710472,10.05286868,8.315087807
9.90998768,10.67511027,8.957720248
9.660156057,10.20585059,8.427287994
9.993264887,10.19149787,8.494498712
9.57687885,9.368595521,7.569642063
9.160492813,9.698417021,7.797509263
9.90998768,9.825995538,8.108605521
9.077215606,9.843869792,7.922571175
9.493601643,10.2559904,8.436646087
9.826710472,11.21619332,9.47841244
9.743433265,9.895523003,8.137351266
9.57687885,10.34342833,8.544474873
9.327047228,8.561278258,6.70115222
9.410324435,8.643846169,6.804110992
9.993264887,9.227424715,7.530425558
9.243770021,9.663634808,7.783117911
8.910661191,9.676184985,7.714104648
8.993938398,9.758744078,7.8170546
9.410324435,13.56433462,11.72459944
8.910661191,8.540850497,6.578770159
9.410324435,9.836047833,7.996312656
9.410324435,9.832307052,7.992571874
9.077215606,9.216731763,7.295433146
9.160492813,9.199496613,7.298588855
9.660156057,10.42286655,8.644303948
9.077215606,9.843378963,7.922080345
9.327047228,10.09324744,8.233121404
9.160492813,9.49174554,7.590837783
9.660156057,9.455230817,7.67666822
9.57687885,10.34319099,8.544237533
9.826710472,9.338431405,7.600650528
9.243770021,9.654983617,7.77446672
9.660156057,10.42450982,8.645947225
9.57687885,10.12323293,8.324279473
9.410324435,10.17514079,8.335405615
9.077215606,8.576836029,6.655537411
9.077215606,13.28883904,11.36754042
9.077215606,9.281622162,7.360323544
9.327047228,10.09341509,8.233289049
9.160492813,9.924403872,8.023496114
9.993264887,10.759484,9.062484846
9.327047228,8.562173588,6.70204755
8.993938398,9.759222768,7.817533291
9.90998768,10.67483047,8.957440455
9.57687885,8.810260642,7.011307185
9.493601643,12.22554358,10.40619926
9.826710472,10.59216281,8.85438193
9.743433265,8.978307843,7.220136106
9.077215606,9.559396834,7.638098217
8.993938398,8.424527009,6.482837531
9.327047228,9.569936252,7.709810214
9.410324435,10.17596456,8.336229387
9.243770021,10.00976968,8.129252781
9.160492813,9.925706005,8.024798247
9.243770021,10.00908144,8.128564546
9.160492813,9.924154996,8.023247238
9.743433265,10.18526067,8.427088934
9.826710472,9.59915132,7.861370443
9.327047228,9.52943694,7.669310902
9.077215606,9.842860828,7.92156221
9.993264887,10.00070831,8.303709152
8.993938398,9.760459701,7.818770223
8.993938398,9.759238433,7.817548956
8.910661191,9.67281652,7.710736182
9.327047228,9.155081863,7.294955826
9.826710472,9.951503786,8.213722909
9.90998768,9.1431033,7.425713283
9.993264887,9.303636747,7.60663759
9.660156057,10.42189192,8.643329323
9.826710472,9.06120495,7.323424073
9.660156057,8.894398534,7.115835937
9.410324435,10.1755427,8.335807525
9.826710472,9.061112655,7.323331778
9.410324435,9.89001628,8.050281102
9.077215606,9.84314312,7.921844503
9.743433265,10.50940293,8.75123119
9.993264887,9.226672964,7.529673807
9.993264887,9.6851847,7.988185543
9.660156057,10.42184516,8.643282566
9.077215606,8.668065108,6.74676649
9.90998768,10.67514443,8.957754409
9.57687885,10.34237079,8.543417334
9.077215606,9.230201458,7.30890284
9.743433265,10.4081143,8.64994256
9.077215606,9.841897674,7.920599056
9.493601643,10.2588139,8.439469578
9.410324435,10.1733574,8.333622224
9.077215606,8.312846864,6.391548247
9.327047228,9.465053532,7.604927494
9.327047228,10.09174486,8.231618818
9.743433265,9.210326322,7.452154585
9.993264887,10.75735054,9.060351384
9.826710472,9.059707051,7.321926174
9.160492813,8.660220616,6.759312859
9.993264887,9.609061871,7.912062714
8.993938398,9.755722355,7.814032878
9.57687885,10.3396011,8.540647643
9.410324435,8.646661922,6.806926745
8.910661191,9.675991198,7.71391086
9.160492813,9.925182557,8.0242748
9.743433265,9.058592632,7.300420895
8.993938398,9.759881362,7.818191884
8.993938398,8.730749846,6.789060368
9.90998768,10.67555843,8.958168409
9.243770021,10.0070191,8.126502206
9.57687885,9.524638677,7.725685219
9.993264887,11.04838196,9.351382805
9.160492813,8.394355907,6.493448149
9.660156057,8.984859416,7.206296819
9.327047228,10.09219666,8.232070628
9.160492813,8.845671561,6.944763803
9.327047228,9.748147416,7.888021378
9.90998768,9.144169172,7.426779155
9.077215606,9.84020074,7.918902122
9.410324435,10.17361681,8.333881634
9.660156057,10.03688279,8.258320194
8.993938398,8.229210471,6.287520993
9.077215606,11.83108623,9.909787616
9.243770021,10.00939905,8.128882152
9.743433265,9.314848938,7.556677201
8.993938398,9.755563743,7.813874265
9.410324435,8.644959273,6.805224096
8.993938398,9.121149142,7.179459664
8.993938398,9.755996925,7.814307448
9.90998768,10.67578674,8.958396721
8.993938398,8.228395769,6.286706292
9.327047228,10.09350717,8.233381137
9.57687885,10.1519587,8.353005248
9.160492813,9.819072266,7.918164509
9.243770021,10.01006332,8.129546418
9.327047228,8.955848037,7.095721999
9.160492813,9.86175723,7.960849472
9.743433265,10.50895301,8.750781275
9.743433265,8.977282696,7.219110958
9.077215606,8.492443675,6.571145057
9.160492813,9.925061141,8.024153383
9.993264887,10.26062722,8.56362806
8.993938398,9.295812745,7.354123267
9.993264887,11.65456149,9.957562335
9.077215606,9.842341459,7.921042841
9.993264887,10.75875059,9.061751436
9.90998768,10.67601402,8.958624005
9.160492813,8.398979592,6.498071835
9.660156057,10.03916916,8.260606565
9.993264887,9.226178875,7.529179718
9.743433265,9.614116026,7.855944289
9.57687885,10.34304815,8.544094696
8.993938398,9.268222506,7.326533028
9.327047228,10.09189638,8.231770341
9.57687885,10.34280517,8.543851711
9.077215606,8.61564362,6.694345003
8.993938398,8.895244219,6.953554741
9.993264887,9.226763448,7.529764291
9.327047228,10.0929601,8.232834066
9.077215606,9.695957943,7.774659326
9.57687885,10.34146499,8.542511535
9.243770021,10.82763473,8.94711783
9.57687885,10.34080722,8.54185376
9.493601643,10.25632309,8.436978771
9.493601643,8.882657086,7.063312769
9.243770021,10.00684707,8.126330168
9.743433265,8.977843566,7.219671828
9.077215606,9.8391497,7.917851083
9.077215606,9.844529838,7.92323122
9.993264887,9.601317368,7.904318211
9.410324435,9.330855237,7.49112006
8.993938398,9.759305696,7.817616218
9.493601643,10.26012786,8.440783548
9.160492813,9.36732538,7.466417622
9.993264887,10.04980577,8.352806614
9.90998768,12.64561408,10.92822406
9.743433265,10.50985107,8.751679331
9.993264887,9.513314649,7.816315492
9.327047228,9.619449127,7.75932309
9.993264887,10.01301316,8.316013998
9.077215606,9.843853217,7.922554599
9.826710472,9.06111619,7.323335313
9.660156057,10.42586342,8.647300824
9.493601643,10.2589673,8.439622985
9.077215606,9.842856994,7.921558376
9,9.765722665,7.825517402
8,8.038605734,5.853545237
10,14.49368911,12.79833908
6,6.107495044,3.432724081
10,9.234232846,7.538882816
8,8.76575114,6.580690644
10,10.7621672,9.06681717
8,8.764356187,6.579295691
6,8.673504471,5.998733507
10,9.233830732,7.538480703
9,9.765641256,7.825435993
9,9.764308427,7.824103165
6,6.763011865,4.088240901
9,10.50116308,8.560957816
8,8.761164722,6.576104226
10,10.76525637,9.069906339
19,19.76591404,20.27426112
20,21.26085225,22.01405456
19,18.93771455,19.44606163
20,20.76269604,21.51589835
20,20.62971974,21.38292204
18,18.22680995,18.49030179
19,19.76478497,20.27313204
19,19.69556777,20.20391484
18,18.64568435,18.90917619
19,18.23419602,18.74254309
20,21.08893141,21.84213372
18,18.76556028,19.02905212
20,20.76619365,21.51939595
18,18.70194322,18.96543506
20,20.35044453,21.10364684
19,19.18580609,19.69415316
18,18.7650485,19.02854034
18,18.67528905,18.93878089
20,19.28629105,20.03949336
19,19.69036067,20.19870775
20,20.47845127,21.23165357
19,19.76715205,20.27549913
19,19.76595144,20.27429851
19,19.76530005,20.27364713
19,19.44639063,19.9547377
20,20.76590371,21.51910602
20,20.76169948,21.51490178
18,18.76597825,19.02947009
20,19.84171975,20.59492206
18,18.76577393,19.02926577
18,18.76201957,19.02551141
18,17.31627427,17.57976611
19,19.76484534,20.27319241
19,19.5603032,20.06865027
18,18.76355349,19.02704533
20,20.21955629,20.97275859
20,20.76247876,21.51568107
18,17.23559033,17.49908217
18,18.76581455,19.02930639
18,18.7661949,19.02968674
19,19.76625593,20.27460301
19,19.7646362,20.27298327
20,20.76538749,21.5185898
19,19.42793764,19.93628471
20,20.76477949,21.51798179
19,18.81281667,19.32116375
19,19.05310901,19.56145608
19,19.76409013,20.2724372
20,20.76407985,21.51728215
20,20.76488237,21.51808467
20,19.23447936,19.98768167
19,18.23706733,18.7454144
18,20.2249705,20.48846234
18,18.05547354,18.31896538
20,19.23469616,19.98789846
20,20.76471569,21.517918
18,18.76290477,19.02639661
19,18.4730588,18.98140588
18,18.69796153,18.96145337
18,18.76653696,19.0300288
18,18.76484313,19.02833497
19,19.76079196,20.26913904
18,18.76547902,19.02897086
18,18.76723011,19.03072194
19,19.76591637,20.27426344
18,17.23395177,17.49744361
19,19.8659181,20.37426517
19,19.76286322,20.27121029
20,20.76639219,21.51959449
20,20.45416806,21.20737037
20,20.76577444,21.51897674
18,18.76246563,19.02595747
18,18.76553103,19.02902287
18,17.8877097,18.15120154
18,18.86398998,19.12748182
20,19.23350284,19.98670515
20,20.76601206,21.51921437
20,20.40739724,21.16059955
18,18.76578849,19.02928033
20,20.76320551,21.51640782
19,19.18650084,19.69484791
19,19.76418613,20.2725332
18,18.7632125,19.02670434
18,19.21844072,19.48193256
18,18.76482144,19.02831328
19,19.13456662,19.64291369
19,20.27747395,20.78582102
19,18.98754011,19.49588719
18,18.18592653,18.44941837
19,18.23503497,18.74338204
18,18.76208444,19.02557628
19,19.76576885,20.27411592
18,18.76707068,19.03056252
18,18.76626626,19.0297581
18,18.76384908,19.02734092
18,18.76590045,19.02939229
18,18.76188208,19.02537392
20,20.76532002,21.51852232
18,18.7657712,19.02926304
19,19.76673564,20.27508271
19,19.76371199,20.27205906
19,18.92021909,19.42856616
20,20.76578808,21.51899038
19,19.76643446,20.27478153
19,18.2344566,18.74280367
19,18.92824417,19.43659124
19,22.38632344,22.89467051
18,18.76609184,19.02958368
18,18.76124256,19.0247344
20,20.76327047,21.51647277
19,19.76288638,20.27123345
20,20.4558659,21.20906821
19,19.76446528,20.27281235
20,20.15007793,20.90328023
20,20.76611503,21.51931733
18,18.76584057,19.02933241
19,20.24338422,20.7517313
18,17.23884679,17.50233863
19,19.76584246,20.27418953
18,18.76650108,19.02999291
19,19.76595392,20.274301
19,18.23528924,18.74363631
18,18.76558374,19.02907558
19,18.96645049,19.47479756
18,18.76553528,19.02902712
19,19.76532545,20.27367252
18,18.76574134,19.02923318
19,19.76225264,20.27059971
20,19.23628647,19.98948877
18,18.31960183,18.58309366
19,18.23438104,18.74272811
19,19.76688564,20.27523271
18,18.60184465,18.86533649
19,19.7660861,20.27443318
20,20.76236403,21.51556633
19,19.76547019,20.27381726
18,18.76615814,19.02964998
19,19.76358724,20.27193431
18,17.23528019,17.49877202
20,19.23378438,19.98698669
18,17.53640708,17.79989892
18,18.4098899,18.67338174
20,20.76602393,21.51922623
20,21.12483985,21.87804216
18,18.76269447,19.02618631
19,19.76467995,20.27302703
20,20.52935728,21.28255958
19,20.60826062,21.11660769
19,19.76642026,20.27476733
19,19.76537208,20.27371915
18,18.26656921,18.53006105
18,18.76562102,19.02911285
20,20.76608057,21.51928287
19,18.23456593,18.742913
19,18.23305568,18.74140275
20,20.20709133,20.96029364
20,19.23493702,19.98813932
19,19.76521017,20.27355725
20,19.23452442,19.98772673
18,18.76586889,19.02936073
20,20.76209354,21.51529585
19,19.76713454,20.27548161
18,18.76565013,19.02914197
19,19.76575787,20.27410494
18,18.76187626,19.0253681
18,18.7657459,19.02923774
19,18.2345988,18.74294587
20,20.76497655,21.51817886
18,18.76593298,19.02942481
20,20.21918032,20.97238263
19,19.07569095,19.58403802
18,17.2357609,17.49925274
18,19.98150358,20.24499542
19,19.76606363,20.27441071
20,20.76659425,21.51979656
18,17.23581673,17.49930857
19,18.43147124,18.93981831
18,18.76726711,19.03075894
18,20.56909395,20.83258579
20,19.68833163,20.44153393
20,20.76377647,21.51697877
20,20.38478906,21.13799136
19,19.60835367,20.11670075
18,17.67162233,17.93511417
20,20.76668726,21.51988956
18,18.68113022,18.94462206
20,20.7642981,21.51750041
19,18.51905245,19.02739952
20,20.74092546,21.49412776
20,19.23530984,19.98851215
20,20.76549373,21.51869604
19,19.76639263,20.2747397
19,18.23432524,18.74267231
20,19.23459394,19.98779625
20,19.86399627,20.61719858
20,21.07572538,21.82892768
18,18.7659865,19.02947834
19,19.7616817,20.27002877
20,20.76639612,21.51959842
19,19.76666961,20.27501668
19,19.76742268,20.27576976
19,19.76575059,20.27409766
20,20.76500253,21.51820484
19,19.76256457,20.27091164
19,19.76485726,20.27320434
19,19.76477937,20.27312644
19,19.7657237,20.27407077
20,20.65848363,21.41168593
18,18.76587662,19.02936846
18,18.76246298,19.02595482
20,20.32113732,21.07433962
20,19.44751378,20.20071609
18,18.48900948,18.75250132
20,20.76555401,21.51875632
20,19.23341788,19.98662018
18,18.76504366,19.0285355
19,19.76485125,20.27319832
20,19.2356072,19.9888095
20,20.76589347,21.51909578
18,18.76621136,19.0297032
19,19.76454334,20.27289041
18,18.76242038,19.02591222
20,19.48795532,20.24115763
18,18.76621206,19.0297039
18,18.76589368,19.02938552
20,20.76608643,21.51928873
19,18.23412619,18.74247326
18,17.23818184,17.50167368
18,18.75803181,19.02152365
20,19.66677588,20.41997819
20,20.7671729,21.5203752
19,19.76614512,20.27449219
18,18.76523571,19.02872755
19,19.76580546,20.27415253
19,19.76634485,20.27469192
20,19.23362851,19.98683081
19,21.88189983,22.3902469
20,19.72603856,20.47924087
19,20.86698173,21.37532881
18,18.69337881,18.95687064
20,20.47674381,21.22994612
20,19.23458231,19.98778461
19,20.90428096,21.41262803
20,20.76285725,21.51605955
19,19.76421309,20.27256016
18,18.76551298,19.02900482
20,20.76604364,21.51924594
20,20.76223067,21.51543297
20,20.76661797,21.51982027
18,18.51356858,18.77706042
19,21.8389085,22.34725557
19,18.34063484,18.84898191
20,20.76630226,21.51950457
18,19.18666113,19.45015297
19,18.94635862,19.4547057
19,19.08431515,19.59266222
20,20.76474884,21.51795115
19,19.76610863,20.2744557
18,18.76473752,19.02822936
18,20.42087132,20.68436316
18,19.01294261,19.27643445
19,19.7648606,20.27320767
18,18.76713585,19.03062769
19,18.65969496,19.16804203
20,20.7666386,21.51984091
19,19.76678059,20.27512766
19,19.7668759,20.27522297
19,19.76436387,20.27271095
19,18.23380936,18.74215643
18,18.7661912,19.02968304
20,19.29771896,20.05092127
20,19.37432664,20.12752894
20,20.76358354,21.51678585
20,20.76587875,21.51908105
20,19.23396751,19.98716981
18,18.76624153,19.02973337
18,17.43601164,17.69950348
19,19.42942382,19.93777089
20,19.23404415,19.98724646
18,18.88475518,19.14824701
20,20.76246438,21.51566669
20,22.18496038,22.93816269
18,18.76698693,19.03047876
19,19.7663357,20.27468277
20,19.23739228,19.99059459
18,18.76599868,19.02949052
20,20.76351047,21.51671278
20,20.7632514,21.51645371
20,20.76577487,21.51897717
18,18.7648742,19.02836604
19,19.24156919,19.74991626
19,19.76528981,20.27363688
19,19.76573648,20.27408355
19,18.23503427,18.74338134
19,18.23415489,18.74250196
20,19.23296537,19.98616768
19,19.10648862,19.61483569
18,19.84327465,20.10676649
20,20.76295747,21.51615977
18,18.76448887,19.02798071
19,19.76517625,20.27352332
18,17.23394671,17.49743855
19,18.23372095,18.74206802
18,18.76636238,19.02985422
18,18.76520386,19.0286957
19,18.85966262,19.36800969
18,17.49659843,17.76009027
20,20.76585178,21.51905408
19,19.76259347,20.27094054
19,19.42737436,19.93572143
18,18.7650917,19.02858354
18,17.64212205,17.90561389
19,19.76558858,20.27393566
20,19.89394159,20.64714389
18,17.30519468,17.56868652
18,18.76349037,19.02698221
20,22.50655097,23.25975328
18,18.76523372,19.02872556
20,20.76686903,21.52007133
18,18.76670863,19.03020047
18,18.76547704,19.02896888
20,19.55508613,20.30828844
19,19.76417195,20.27251902
19,19.76515021,20.27349729
18,17.23815768,17.50164952
19,19.76564014,20.27398721
18,18.761485,19.02497684
20,20.7623918,21.5155941
20,19.33355467,20.08675697
18,18.76482028,19.02831212
19,19.76531746,20.27366453
19,19.76643708,20.27478416
19,18.2344779,18.74282498
18,18.19528686,18.4587787
19,22.34401888,22.85236595
20,19.23432721,19.98752952
18,18.7644429,19.02793474
19,18.23472561,18.74307269
18,17.39730413,17.66079597
18,17.23384832,17.49734016
18,18.76452159,19.02801343
20,20.76526378,21.51846608
20,19.48206208,20.23526439
20,19.23416218,19.98736448
18,18.76513081,19.02862265
20,20.61900358,21.37220588
19,19.76541867,20.27376574
19,18.23419592,18.74254299
18,17.23471186,17.4982037
19,19.76613576,20.27448284
18,18.92905952,19.19255135
19,20.21918618,20.72753325
19,19.76442859,20.27277567
18,18.76548449,19.02897633
20,20.76533317,21.51853547
19,19.76551544,20.27386251
19,20.85369414,21.36204121
19,18.2336592,18.74200627
18,18.7658539,19.02934574
20,21.15037864,21.90358095
19,19.76245739,20.27080446
19,19.05854361,19.56689068
20,19.23466282,19.98786512
18,18.76476561,19.02825745
18,20.43184437,20.69533621
19,18.92875591,19.43710298
20,20.76370079,21.5169031
18,18.7640629,19.02755474
20,20.76472946,21.51793177
20,20.53305989,21.2862622
18,18.76578739,19.02927923
18,17.23408597,17.49757781
19,19.76702878,20.27537585
20,20.90615558,21.65935788
19,19.76336578,20.27171286
19,19.76562716,20.27397423
20,18.8544415,19.6076438
20,20.00656709,20.7597694
20,20.7653878,21.51859011
18,19.17174137,19.43523321
18,18.7614841,19.02497594
18,18.76232349,19.02581533
18,17.23348794,17.49697978
17,17.76466729,17.7833039
17,16.23336042,16.25199703
17,17.64809436,17.66673096
15,14.83645467,14.36538081
19,19.76646495,20.27481202
18,18.58429817,18.84779001
20,20.57428222,21.32748453
19.95,20.71678673,21.45774628
18.22,20.37995285,20.69731284
19.03,21.83535264,22.35104537
18.62,17.85713072,18.2724328
19.38,20.14306687,20.74445893
18.47,19.32490177,19.70347556
19.46,20.22596903,20.84694951
18.08,19.83755028,20.12063054
18.82,19.58611575,20.05038888
19.18,19.94528128,20.49770229
18.46,19.22660866,19.60273391
18.75,17.98834862,18.43548188
18.42,19.18599724,19.55232828
19.91,20.67673645,21.40790178
19.61,18.84464306,19.50235183
19.57,20.33135492,20.97926947
18.91,18.14464809,18.63095819
18.33,22.9233295,23.26762357
18.64,21.70716359,22.12736278
19.81,20.57595363,21.28263344
18.75,19.9330092,20.38014246
19.53,20.2953199,20.93344024
19.83,20.59073846,21.30231538
10.67488022,11.43985149,9.909749418
12.49828884,11.73055494,10.64692401
11.3045859,12.06610444,10.6901891
10.25598905,11.02122165,9.388551878
10.17385352,9.406437997,7.753656912
11.25256674,10.48575739,9.097104887
10.35728953,10.08657585,8.478710035
10.9431896,10.62997664,9.165571518
11.11293634,10.39907154,8.976229796
11.23340178,10.46640533,9.073060184
11.20054757,11.96572882,10.56433914
10.56262834,10.97252722,9.414939686
11.58658453,11.98299035,10.67612385
10.9705681,11.73572808,10.27802673
11.41957563,12.09944981,10.75169031
11.6386037,11.46750432,10.17337499
11.11019849,10.34426039,8.920748268
11.80835044,11.04600378,9.793437823
10.66392882,11.42598722,9.893203633
12.55304586,13.72127916,12.65105577
19.80835,20.57523096,21.28150676
19.088296,19.85439889,20.3843657
19.926078,20.66441392,21.39951604
16.11225188,16.87435754,16.67562438
18.288843,19.05058329,19.38479985
16.09856263,16.86146347,16.65937842
19.841205,19.07500801,19.78932853
18.409309,19.17060556,19.53431885
16.8843258,17.64951606,17.63982923
18.841889,19.60778178,20.07741455
18.896646,18.28075012,18.76379043
19.843943,19.07881335,19.79380428
19.085558,19.8529583,20.38225469
16.01916496,16.78320344,16.56167746
18.253251,19.01921934,19.34472101
16.09582478,16.86069303,16.6579376
18.173854,17.40862928,17.71469018
16.40520192,15.64045229,15.51344948
16.06023272,16.82284043,16.6113701
16.19438741,16.95917229,16.78055044
16.08761123,16.85081889,16.64605233
18,17.2341942,17.49768604
19,18.23394273,18.7422898
19,19.76620212,20.27454919
18.37808219,19.14285381,19.49892105
19.22465753,19.98812348,20.55147913
17.31,17.25667179,17.35121352
19,18.94510402,19.45345109
19,19.76541242,20.27375949
18,18.76545322,19.02894506
20,20.76689806,21.52010036
18,17.45528593,17.71877777
19,19.76236946,20.27071653
19,18.23473062,18.74307769
19,19.76575929,20.27410636
19,20.87952435,21.38787143
20,19.70454419,20.45774649
20,20.18626823,20.93947053
20,19.23601058,19.98921288
20,19.23494565,19.98814796
20,20.76709129,21.5202936
16,16.76579639,16.53957776
14,14.76563586,14.04970676
17,16.71682262,16.73545923
16,16.76284263,16.536624
16,16.76649871,16.54028008
16,16.76625059,16.54003196
12,11.23417125,10.02853169
14,14.16595625,13.45002715
13,12.23296692,11.27218259
11,11.76093954,10.31044475
12,11.23566914,10.03002958
17,17.76588522,17.78452182
14,13.23412408,12.51819498
18,17.23393269,17.49742453
19,19.76582257,20.27416964
20,20.76667418,21.51987648
19,22.6879191,23.19626617
19,19.76629401,20.27464108
19,21.05356031,21.56190738
19,17.94595415,18.45430122
18,21.93659468,22.20008652
20,20.5549778,21.3081801
18,20.66415719,20.92764903
18,20.73276006,20.9962519
18,18.76592765,19.02941949
19,21.63721053,22.1455576
19,19.70961222,20.21795929
18,22.60575939,22.86925123
20,19.67335594,20.42655824
18,18.76314315,19.02663499
20,20.06316462,20.81636693
20,22.97584843,23.72905073
20,19.54686883,20.30007114
12,12.76577002,11.56013046
17,17.76451086,17.78314747
19,19.76333022,20.27167729
20,19.89520882,20.64841113
20,20.11911179,20.8723141
20,22.03622892,22.78943123
20,19.23405234,19.98725465
19,19.76500752,20.27335459
20,22.79037938,23.54358168
20,20.76582355,21.51902586
20,20.76648399,21.5196863
19,19.76650866,20.27485573
20,18.33623534,19.08943765
20,19.23333582,19.98653813
20,22.66328788,23.41649019
20,19.23406386,19.98726617
19,28.3826743,28.89102138
20,19.23489427,19.98809658
19,18.23498954,18.74333661
20,19.87619848,20.62940078
18,17.93816859,18.20166043
20,19.23526989,19.9884722
20,19.2368183,19.9900206
20,19.23463536,19.98783766
20,23.24334259,23.9965449
20,19.23390633,19.98710863
19,21.43927502,21.94762209
20,20.76670606,21.51990836
19,19.74380442,20.25215149
19,19.76496617,20.27331324
19,19.76627289,20.27461996
20,20.4778219,21.2310242
19,18.23382633,18.74217341
20,20.76522196,21.51842426
19,19.55457546,20.06292253
19,18.86627912,19.37462619
18,23.05176335,23.31525519
18,18.76521928,19.02871112
20,20.76575561,21.51895792
20,19.23494493,19.98814723
19,20.65531767,21.16366474
19,24.5762424,25.08458948
19,18.23507917,18.74342624
18,17.23398307,17.49747491
18,20.06735354,20.33084538
20,20.76578853,21.51899083
20,23.88391588,24.63711819
18,18.76635184,19.02984367
19,18.89147451,19.39982158
19,22.60871931,23.11706639
20,21.64783665,22.40103895
18,18.35198782,18.61547966
20,20.76598559,21.5191879
20,24.08590378,24.83910608
20,20.76732196,21.52052426
18,17.234181,17.49767283
18,18.64083342,18.90432526
18,18.76601232,19.02950416
19,18.4883134,18.99666047
18,21.29951396,21.5630058
20,19.23397869,19.987181
19,18.23358886,18.74193593
19,20.92514405,21.43349113
19,19.82212108,20.33046816
20,22.10541795,22.85862026
19,19.76445185,20.27279893
19,18.23542228,18.74376936
19,18.23520709,18.74355416
19,19.76526255,20.27360962
20,20.36281541,21.11601772
19,17.4634729,17.97181998
19,19.76615404,20.27450111
19,19.7653582,20.27370527
20,20.92708227,21.68028457
20,19.23459762,19.98779993
19,19.76689491,20.27524198
18,18.76674355,19.03023539
19,20.41862745,20.92697452
19,19.76581698,20.27416405
19,19.76645508,20.27480215
19,20.53496842,21.04331549
20,20.27682767,21.03002998
20,20.7614632,21.51466551
19,18.23392904,18.74227611
19,19.76592374,20.27427081
19,21.28715422,21.79550129
18,17.83709586,18.10058769
18,18.76618974,19.02968158
18,21.69940741,21.96289925
20,20.76597888,21.51918118
20,20.76500927,21.51821158
18,17.2337795,17.49727134
20,25.85269227,26.60589457
19,19.76506259,20.27340966
18,17.35896359,17.62245543
20,20.76516646,21.51836877
18,17.71968533,17.98317717
19,19.76169082,20.27003789
19,19.58828442,20.09663149
19,18.23418272,18.74252979
19,19.76586187,20.27420895
20,20.05172341,20.80492571
19,18.23512562,18.7434727
19,19.76470902,20.27305609
20,19.23716018,19.99036248
19,19.76295986,20.27130693
11.38356164,12.14845967,10.79188195
14.08493151,13.32024432,12.62511115
11.07123288,11.83671212,10.40365907
11.23835616,12.0000571,10.60792506
12.73150685,13.49352831,12.46700203
11.90958904,11.39829156,10.1705144
10.89041096,11.65651021,10.17918197
13.78630137,14.55183935,13.78358502
11.23835616,12.00261031,10.61047827
10.3260274,11.09198705,9.476466539
11.89589041,12.65748326,11.42635192
11.24383562,12.00933988,10.61854952
12.44383562,13.20505191,12.10808783
11.85753425,12.61914657,11.37862353
10.75890411,11.52385766,10.01432928
11.10136986,11.77456803,10.34889418
19.975,19.21065348,19.9577344
19.625,20.18957663,20.85095822
19.38055556,18.81809839,19.41962648
16.93333333,17.4000908,17.40240372
17.41944444,21.06484988,21.18618965
16.9,17.3984103,17.39256139
17.04166667,17.80733606,17.83617497
16.44166667,15.67552946,15.55745523
16.35,15.58410866,15.44358936
17.83055556,18.59556602,18.8175685
17.73055556,16.96587818,17.16339514
12.94722222,13.41317434,12.43946709
13.16666667,13.93080084,13.01082571
13.52222222,12.75724004,11.92432455
14.18611111,13.42081824,12.75045942
12.13888889,11.92327655,10.75164466
10.58333333,11.34790997,9.795392156
17.06944444,18.84048957,18.87613001
16.95,17.71315973,17.71955358
17.02222222,16.64811423,16.67219206
16.63055556,15.8673365,15.7955127
16.17777778,16.94314238,16.76045357
17.29166667,16.52801203,16.61806475
17.33888889,16.75891837,16.86053369
16.48611111,16.33047705,16.22328527
17.28055556,18.04525372,18.13258583
17.025,17.78865641,17.8134144
16.94722222,17.7121773,17.71789099
17.21944444,16.45386753,16.52623626
18.79722222,18.03250528,18.49120115
18.46666667,19.22970311,19.60746073
18.66944444,19.43529497,19.86270378
19.48333333,18.7171646,19.34385837
19.48333333,18.71846553,19.34515929
19.11944444,18.78668355,19.32427721
14.17777778,13.50733743,12.83493815
15.11666667,15.07457524,14.63206782
10.98333333,11.74802058,10.29344487
15.79166667,15.69820607,15.42097593
14.36111111,13.59566862,12.96815947
14.82777778,14.06120174,13.54795837
13.96944444,14.73465591,14.01124513
14.30833333,13.54334106,12.902909
11.09444444,11.85822328,10.4308537
11.76111111,11.13666332,9.872530561
10.88055556,11.6690535,10.18931211
10.8,11.56594225,10.06647641
10.25,11.01428057,9.380144348
11.85,12.61206569,11.36969784
11.73055556,11.86507156,10.59345712
12.90555556,13.66959382,12.68568428
11.12222222,11.09524032,9.674672278
11.89722222,12.03152597,10.80072073
11.69166667,12.05321441,10.77207781
10.25833333,11.02261808,9.390522321
10.36388889,11.26921084,9.662960905
12.71388889,13.4763538,12.44551367
10.9,10.13705484,8.662074525
11.73333333,12.49793518,11.22700089
18.63888889,17.87380712,18.29373424
19.73611111,14.53456175,15.22314948
18.26388889,18.627321,18.95542741
18.70833333,19.47438342,19.91131438
13.51388889,14.27909095,13.44413501
14.14444444,13.37798273,12.69742161
13.08611111,13.85112494,12.91142537
14.71111111,15.47611992,14.93431011
11.09166667,11.85879453,10.4307448
11.56944444,12.33464019,11.02357684
14.96666667,14.20079783,13.72156213
18.72222222,19.4869912,19.92732293
11.75277778,10.98681918,9.720645964
13.96944444,14.734787,14.01137621
12.81944444,12.05491297,11.04991867
12.21666667,12.98149747,11.82890988
11.98611111,12.74802534,11.53898501
12.67222222,13.43658535,12.39554291
11.01111111,11.77808395,10.33030977
12.80833333,13.57299644,12.56528152
12.13888889,11.56974346,10.39811157
11.49722222,14.33617714,13.0074298
15.2,14.43261738,14.01051457
19.94166667,20.70790103,21.44682011
19.61111111,18.84424351,19.50222433
19.13333333,18.3679186,18.90891304
15.56388889,16.3304936,15.99749088
16.54166667,17.30597172,17.21238301
15.58888889,16.35579198,16.02891065
16.65833333,17.4239019,17.35887963
16.39722222,17.16314217,17.03418548
15.725,16.49042011,16.19686629
11.11666667,11.88251475,10.4605864
10.04166667,10.80728039,9.122132667
12.98611111,13.04054406,12.07635897
10.025,10.79078689,9.101558239
11.68611111,11.62495567,10.34245877
12.46388889,13.22617932,12.13412538
18.98333333,19.29046081,19.79472696
19.93055556,19.16531174,19.90151021
19.35833333,19.53127788,20.12736474
14.42777778,13.3743742,12.76318873
16.60277778,15.83562996,15.75700462
15.95555556,15.19433257,14.95723148
14.83611111,14.07084135,13.55963844
13.76111111,14.52595144,13.75152915
16.66111111,15.69171357,15.62737145
14.32222222,13.55773348,12.92070219
13.39444444,14.16053293,13.29633038
13.03888889,13.10540259,12.15414041
16,16.76515932,16.53894069
13.91111111,14.28736532,13.54967132
14.73611111,13.97203855,13.43635012
13.38611111,12.62014639,11.75390338
13.62222222,12.85909758,12.05066762
15.65277778,16.41476288,16.10352508
16.00555556,13.80270972,13.5778514
15.36388889,14.59778476,14.21581099
15.60277778,14.97973987,14.6562593
15.09722222,15.01797329,14.57070479
15.02222222,15.78607898,15.32044635
11.30277778,12.06579004,10.68943197
10.425,11.18759062,9.596304061
11.64722222,12.41231375,11.1202947
10.13333333,10.89960357,9.236900903
18.19722222,17.43250968,17.74429242
10.23888889,9.529942957,7.893086122
11.56111111,12.32808254,11.01497874
11.51944444,12.2857709,10.96246479
11.51111111,12.27619739,10.95085082
10.62222222,11.38701036,9.8440147
11.47222222,10.70578694,9.37091823
11.27777778,12.04344064,10.66096119
11.025,11.79075619,10.34638278
11.63333333,10.86815422,9.5727344
19.88055556,20.02393859,20.7478943
19.48333333,22.81286649,23.43956025
18.66944444,18.44297017,18.87037899
18.625,17.85992712,18.27645348
19.59722222,19.7914285,20.44600856
19.625,20.38890651,21.0502881
18.5,19.2623784,19.64829786
14.61944444,15.38194827,14.81769339
17.64722222,16.88231474,17.05942709
14.31666667,14.94111405,14.30272245
13.76944444,14.53685197,13.76447014
15.69444444,14.9288203,14.62778479
12.89722222,13.46717129,12.48122128
12.25555556,12.85837451,11.71530907
16.04166667,15.27533531,15.05931898
13.97777778,14.74386363,14.0224933
14.11666667,13.35120775,12.6638451
12.36666667,13.13220727,12.01634796
14.44444444,15.21066888,14.60356433
16.20833333,15.67908687,15.50387975
13.78888889,14.55461388,13.78699313
12.78333333,13.43215961,12.41832332
16.21944444,15.45426041,15.2817739
17.31388889,16.5475109,16.64300485
16.24722222,16.66522047,16.49953549
12.44722222,12.05881155,10.96267669
13.275,12.50819579,11.61474665
17.475,18.23671989,18.37166273
17.95,16.33779545,16.58904453
18.81111111,17.10575619,17.56785282
18.03333333,18.15702163,18.42867531
17.625,17.73539247,17.9070636
17.88888889,18.6561481,18.8924338
14.44444444,16.13272431,15.52561976
14.38333333,13.61730286,12.99523494
11.97777778,11.6710624,10.45998161
13.42777778,13.3195281,12.4634874
19.40277778,18.6751208,19.28209012
12.26388889,11.50058192,10.35955693
13.32777778,14.09080773,13.21028151
11.69722222,12.17611387,10.89633759
12.8,13.56605308,12.5562977
12.60833333,13.37140354,12.31471758
12.575,13.33943925,12.27459145
12.74722222,11.98522831,10.96255002
12.90555556,13.51113459,12.52722505
12.73055556,15.1172063,14.09044709
19.51666667,20.28226148,20.9171171
12.37777778,11.61601593,10.50287723
13.44444444,14.20924239,13.35728261
11.81111111,12.57475202,11.32286202
12.91388889,12.14788091,11.16601183
12.68888889,13.4547123,12.41775079
12.86666667,13.63301411,12.63958241
14.86849315,15.63452266,15.13124866
14.95890411,15.72430038,15.24316397
14.09589041,14.86151834,14.16906852
14,14.76493069,14.0490016
14.07945205,14.84053152,14.14405667
13.84931507,14.61551852,13.86269344
13.96438356,14.07745437,13.3528044
14.12328767,14.06957601,13.38383454
14.29589041,15.06214927,14.41867049
14.7369863,13.97134068,13.43586654
14.51506849,13.90085262,13.31104074
14.81643836,14.61018755,14.09416766
14.41369863,15.17758457,14.56295175
14.57808219,14.31701422,13.74263158
13.75616438,12.99509791,12.21946439
14.5890411,13.82736399,13.25566469
14.4739726,18.41612184,17.81624741
14.47945205,15.24280105,14.6442683
14.73972603,15.50528435,14.97048104
14.07671233,14.83911055,14.14196487
14.26575342,13.86461915,13.21376117
14.08219178,13.85554089,13.15973688
14.74520548,15.51154632,14.97808469
14.30958904,15.07534002,14.43521542
14.85753425,14.63891576,14.13295841
13.60821918,14.3732506,13.56139192
14.71506849,14.05909041,13.51824958
14.03287671,13.67610861,12.96822955
14.94246575,14.49884888,14.01368746
14.22191781,14.98466717,14.32307582
14.04383562,13.2801932,12.57499749
15.35616438,16.12118315,15.737318
14.14520548,13.6931165,13.01274173
14.21643836,14.9828223,14.31988927
14.43287671,15.19601784,14.58608087
14.04657534,14.27201536,13.56749048
14.55342466,15.31849302,14.73807285
14.01643836,13.35948103,12.64757695
15.21643836,15.981804,15.56372621
13.64931507,12.88342388,12.08162775
14.21917808,13.45405989,12.79179769
15.06027397,15.8265892,15.37027373
14.2109589,14.97421894,14.30994424
14.60273973,15.36916029,14.80081517
14.25479452,13.48914392,12.83560259
14.61917808,15.0178073,14.4534872
14.81369863,14.04807615,13.53138543
14.6,15.36559162,14.79657566
14.76712329,14.89281268,14.36471774
14.46027397,14.70210451,14.09887591
14.64109589,13.87673099,13.31777758
14.66027397,13.89535156,13.34109401
14.21643836,14.9833297,14.32039667
13.52054795,12.75394377,11.92061833
14.36438356,15.12707243,14.50036456
15.44109589,16.2025998,15.83953057
14.15616438,14.06233593,13.3846445
14.08767123,14.85031951,14.15585717
14.36986301,15.13712082,14.51175462
13.6739726,14.43796842,13.64220981
14.23835616,15.06864036,14.41107402
14.46575342,13.9436191,13.34173217
14.08219178,14.69630828,14.00050427
14.23287671,14.99917251,14.3402645
13.77534247,14.48720707,13.71626941
14.36164384,13.59595169,12.96857298
14.75616438,15.20446708,14.67368879
14.83287671,15.18980337,14.67780849
13.93150685,14.6990496,13.9663496
14.04931507,14.42413608,13.72028204
14.20821918,13.44642566,12.78148012
14.9260274,20.86660604,20.3774196
14.17260274,13.78220838,13.10854197
15.29315068,16.566676,16.16738161
14.06849315,14.83388012,14.13472193
14.08493151,14.85002146,14.15488829
14.50410959,15.27006859,14.67757337
14.65479452,13.89269935,13.33710012
14.50410959,15.26929524,14.67680002
13.94246575,14.70755371,13.97753705
14.1890411,13.42252921,12.75288782
14.96986301,15.73585,15.25739694
14.85205479,18.70040191,18.19310289
14.35068493,13.62545074,12.99538869
14.94246575,15.70894745,15.22378602
14.20547945,14.96768246,14.30206608
14.92054795,14.15420033,13.66367222
14.35890411,15.12463218,14.49658263
14.78630137,15.55185563,15.02845654
14.45205479,15.21802468,14.61278356
15.09863014,15.86518569,15.41826193
14.27945205,15.04392077,14.39641697
14.64109589,15.40729964,14.84834623
15.11232877,14.34778525,13.90421568
14.21369863,14.97708791,14.31348404
14.50136986,13.73495428,13.14178822
14.7260274,15.11819529,14.5800378
14.39452055,14.82293398,14.20360531
14.49315068,13.72884674,13.13366817
14.32876712,15.09541144,14.45998269
14.2630137,15.84103794,15.18950912
14.20273973,13.43539847,12.76911126
14.50410959,15.26966353,14.6771683
14.70136986,15.16958652,14.6253915
15.12054795,14.35416622,13.91260916
14.5260274,13.87706716,13.28993863
14.52876712,15.29442672,14.70796902
14.48767123,13.72258834,13.12606809
14.83835616,14.47569417,13.96504097
14.97808219,15.35828887,14.88184832
14.2739726,15.03906248,14.39021701
14.49041096,13.72529497,13.12944557
13.77534247,15.53493301,14.76399534
14.38630137,13.63398323,13.01264205
14.29041096,15.05660552,14.41178507
14.44657534,15.21272973,14.60614695
13.99452055,14.76023519,14.04296442
14.84931507,15.61535646,15.1073866
14.29863014,13.53279546,12.88998751
14.70958904,15.28709234,14.74490983
14.34794521,13.58229239,12.9515595
14.13972603,13.37308371,12.69136726
14.1890411,13.70020758,13.03056619
14.15068493,14.9164319,14.2373988
14.75068493,13.98362314,13.45150318
15.23013699,14.76570705,14.35098344
14.26027397,13.49491715,12.8427175
14.36164384,14.57852665,13.95114794
14.77534247,15.53940387,15.01332144
14.52054795,15.10725925,14.51878904
14.81369863,17.58896724,17.07227651
14.45753425,13.69161209,13.08771265
14.03561644,14.42264772,13.7154395
14.08767123,14.85461208,14.16014974
14.69589041,14.53644129,13.9909046
15.11506849,15.87686309,15.43396435
14.55068493,15.31606659,14.73497558
14.08219178,13.31665138,12.62084737
14.95068493,14.18573617,13.70258725
14.64657534,15.41038037,14.85276864
13.94794521,17.41567855,16.68700357
14.05753425,14.82271888,14.12087735
14.69315068,15.45856212,14.9123546
14.04383562,14.80932744,14.10413172
14.01917808,13.25647901,12.54524577
13.77534247,14.53955176,13.76861409
14.23287671,14.99861588,14.33970786
14.20821918,14.97453429,14.30958875
13.91232877,14.20515796,13.46776211
14.64931507,15.41291526,14.85597436
14.11506849,14.88082831,14.19307433
14.86575342,14.09920526,13.59526042
14.86849315,15.63374403,15.13047003
14.50410959,14.52368949,13.93119427
14.39726027,15.16338479,14.54472695
14.96712329,14.20200675,13.72288286
14.21917808,13.45291381,12.79065161
14.99178082,15.36625243,14.89316606
14.70410959,16.92093953,16.37741535
14.27945205,15.04600443,14.39850064
14.61917808,14.4772633,13.91294319
14.10410959,14.86991903,14.17948172
14.31232877,13.54599704,12.90654328
13.96438356,13.19897979,12.47432982
14.96438356,16.99201783,16.51222309
14.85205479,15.61765641,15.11035739
14.63013699,14.54081806,13.97918131
14.24383562,14.00531305,13.34908838
14.67123288,14.51411386,13.96253965
14.64931507,13.88233097,13.32539007
14.74520548,15.50996895,14.97650732
14.20821918,14.44131877,13.77637323
13.23287671,13.99753653,13.09377328
14.52876712,13.76345462,13.17699692
14.34246575,15.1086789,14.47660434
14.61369863,13.84973123,13.28406946
14.28767123,14.05578022,13.41028893
14.07671233,14.84266613,14.14552045
13.69041096,14.45569473,13.66396114
13.98356164,14.10975484,13.38980072
14.18082192,14.94543762,14.27378371
14.64383562,15.40602613,14.84774355
14.51232877,14.991815,14.40133229
14.50410959,13.73817217,13.14567694
14.44109589,15.20689872,14.59897426
14.51506849,13.78050663,13.19069475
14.96438356,15.72909168,15.24929694
15.11232877,15.8759765,15.43240692
14.66027397,15.2489475,14.69468994
13.88767123,13.12102151,12.37758813
14.2,13.43414447,12.76718642
14.43561644,15.20169656,14.59243043
14.24931507,15.01308622,14.35820322
14.28767123,15.05435411,14.40886282
14.11780822,14.88420875,14.19712561
14.1890411,14.10724964,13.43760824
14.90684932,15.6685293,15.17464701
14.2739726,14.00149895,13.35265348
15.3890411,16.15291021,15.77709509
14.86575342,14.81959313,14.31564829
14.9890411,15.75189134,15.27813413
14.39178082,14.36252186,13.74252235
14.19452055,14.96031594,14.29201622
14.72328767,15.35388926,14.81506094
14.24109589,13.65161926,12.99472375
14.73150685,15.49774199,14.96092617
14.8739726,14.10918812,13.60725578
14.85479452,14.08863707,13.58200889
14.77808219,15.53298383,15.00757223
14.23561644,13.4742504,12.81601322
13.96438356,14.72998822,14.00533825
14.14794521,13.84764112,13.16793719
14.17534247,14.94182393,14.26882836
14.72054795,15.21668617,14.67718702
13.98356164,14.74909334,14.02913923
15.02191781,15.7832953,15.31758813
14.16986301,13.40346368,12.72912643
14.9890411,15.4508636,14.9771064
14.55616438,13.78965815,13.20990882
14.6630137,13.94227759,13.38869087
14.65205479,15.1000186,14.54374853
14.93972603,14.17373464,13.68790238
14.82739726,14.49879636,13.98545981
14.51506849,15.28087888,14.691067
14.52328767,15.2885626,14.70076323
14.7369863,13.97086884,13.4353947
13.97808219,14.74406832,14.02277254
14.09041096,13.32366716,12.62987566
14.09863014,14.86079254,14.16901355
14.6,13.83490096,13.26588501
14.95342466,15.71722908,15.234751
14.78630137,17.24305142,16.71965233
13.64109589,14.40550539,13.60169675
14.02739726,14.78787911,14.07865838
14.57260274,13.8075178,13.23179348
14.98356164,14.22183641,13.74673753
13.95068493,13.18526381,12.45725966
14.37260274,15.13769192,14.51299656
14.46849315,15.23081717,14.62960107
13.80547945,14.15031914,13.38676067
14.02739726,17.38016333,16.6709426
15.29863014,16.06445131,15.6664986
14.75342466,15.01074285,14.47929372
14.74246575,15.27464363,14.74051116
14.57534247,16.41481039,15.83975691
14.50684932,14.02749973,13.43567534
14.53150685,13.76601947,13.18023261
14.12328767,13.35825408,12.67251262
14.63561644,15.40104533,14.84075025
14.56986301,13.80267127,13.22627611
13.99452055,14.1533484,13.43607763
14.59726027,13.83104295,13.26135616
14.94520548,14.17878722,13.69429663
13.6630137,13.62971339,12.83127143
14.03287671,14.76987888,14.06199982
14.20821918,14.97251595,14.30757041
14.26027397,17.09656001,16.44436036
13.76164384,14.52681199,13.75252014
13.47123288,12.70561996,11.86021947
14.11232877,14.87793065,14.18950585
14.40273973,13.63660995,13.01929379
14.31232877,15.07309868,14.43364492
14.31232877,15.07827535,14.43882159
14.39452055,13.63215844,13.01282977
14.65479452,14.45333671,13.89773748
14.56712329,13.8065605,13.22949451
14.79452055,15.55873023,15.03734365
13.78356164,13.64465178,12.87572662
14.15342466,14.91552978,14.23716751
15.12876712,15.72394448,15.28439992
14.80273973,14.97357772,14.45420365
14.83835616,14.07238693,13.56173373
14.64109589,15.40622795,14.84727454
14.33972603,15.14762434,14.51487894
14.30958904,15.07276826,14.43264366
14.4739726,15.19754174,14.59766732
14.53150685,15.29760049,14.71181363
14.58356164,15.34899336,14.77595239
14.35342466,15.11666747,14.48727625
14.28767123,14.26493159,13.6194403
14.54246575,13.93928047,13.35617695
14.37534247,15.14127226,14.51724773
14.58082192,13.81535895,13.24164714
14.12876712,14.89305126,14.20865147
15.0630137,14.48761113,14.0319665
14.69041096,15.45616515,14.90928679
13.94794521,13.18315294,12.45447796
14.01369863,13.95421458,13.24163967
14.08493151,14.85099673,14.15586356
14.21917808,13.82933191,13.16706971
14.55068493,15.31701679,14.73592578
14.64109589,15.40811331,14.8491599
14.70684932,14.84452568,14.30167234
14.21643836,13.44951766,12.78658463
14.30958904,14.8106728,14.1705482
15.27123288,16.03750319,15.63284212
14.03013699,13.2646923,12.5561424
14.0739726,14.24957885,13.55176233
14.23287671,14.99792296,14.33901495
14.40821918,15.17126405,14.55528956
14.1890411,14.95574321,14.28610182
14.35068493,13.58496694,12.95490488
13.86575342,13.1666228,12.41782273
15.00273973,15.76787476,15.29747173
14.64657534,15.41230599,14.85469425
14.52876712,13.90142585,13.31496815
15.06849315,14.77486916,14.3205662
14.06027397,14.74704095,14.04587025
14.60547945,14.21064194,13.64296766
14.24109589,13.47556696,12.81867146
14.44657534,14.95485228,14.3482695
13.53150685,14.29227597,13.46163387
14.42191781,13.82340182,13.21078151
15.11780822,15.88334953,15.44112163
14.0630137,13.2951431,12.59464324
15.30410959,14.53906865,14.14245761
14.34520548,14.15565961,13.52425589
15.06575342,15.83059943,15.37562564
14.92328767,14.15680015,13.66694287
15.4739726,14.70790957,14.35289038
14.15890411,14.53763082,13.86061022
14.47123288,14.44268113,13.84213587
13.59178082,14.35615486,13.54027116
14.15068493,14.91490431,14.23587121
14.28767123,15.05340631,14.40791502
14.56712329,15.33366895,14.75660296
14.89863014,14.99227506,14.49638026
14.82739726,14.06282974,13.5494932
14.9260274,15.69233045,15.20314401
14.16164384,13.39583515,12.7194854
14.04109589,14.80352416,14.09765761
14.16986301,14.93539677,14.26105952
14.99726027,15.76210589,15.29036119
14.51232877,15.04137852,14.4508958
14.60273973,14.5816084,14.01326328
14.02739726,14.39619005,13.68696932
14.92876712,15.69574657,15.20723097
14.56438356,15.3300012,14.75226437
14.94794521,15.01057665,14.5267569
14.82739726,15.59059854,15.077262
14.05205479,13.85430316,13.15111995
14.10410959,14.79452389,14.10408658
13.93150685,14.69625695,13.96355695
14.54520548,15.31087983,14.72844715
14.05479452,14.8212886,14.11877623
13.51780822,12.75290597,11.9189097
14.16986301,14.93546655,14.2611293
14.55068493,15.31496571,14.73387471
14.42191781,14.40370505,13.79108473
14.04383562,13.2803879,12.57519219
14.16986301,14.93602354,14.26168629
14.52328767,14.63667233,14.04887296
14.14794521,14.90506795,14.22536402
13.83835616,14.60329632,13.84778788
14.04657534,14.812082,14.10755712
14.0739726,13.30828294,12.61046642
14.41643836,15.18145454,14.56749256
14.59452055,15.35787547,14.78751784
14.15616438,13.39172182,12.71403039
14.98082192,14.21424225,13.73847254
14.56164384,15.32741672,14.74900905
14.16986301,13.40426455,12.7299273
14.0739726,13.31262599,12.61480947
14.39178082,13.64117522,13.02117571
14.74520548,13.98010477,13.44664314
15.11780822,13.86202878,13.41980088
14.53424658,13.76734957,13.18223355
13.97808219,14.45104784,13.72975205
14.67671233,18.69123934,18.1410068
14.87123288,14.10600898,13.60340581
14.36164384,13.59619985,12.96882114
14.43287671,14.48370849,13.87377152
14.61917808,15.38406023,14.81974013
14.98630137,15.75008871,15.27566067
14.30684932,15.07008815,14.42929272
14.90136986,14.136546,13.64132203
14.47123288,15.23696505,14.63641979
14.04657534,14.00055042,13.29602554
14.32328767,13.55971582,12.9229454
14.12328767,13.35814343,12.67240197
14.15068493,14.91830633,14.23927323
14.18356164,13.57577273,12.90478966
14.68219178,15.44642164,14.89753078
14.62739726,15.39344606,14.83113846
14.98630137,14.76644491,14.29201686
14.92328767,20.11300095,19.62314367
15.04657534,15.81196282,15.35229317
14.26849315,13.60131508,12.95112794
14.65753425,14.53128149,13.9763531
14.51780822,13.75526858,13.16612753
14.9890411,14.2229647,13.74920749
14.44109589,15.20367024,14.59574579
14.37808219,14.13560874,13.51225505
14.04383562,14.81018048,14.10498477
15.11780822,14.35063819,13.90841029
14.40273973,15.16448447,14.54716831
14.18082192,15.11719792,14.44554402
14.76164384,15.52686813,14.99743152
14.90958904,16.24939257,15.75618111
14.04109589,14.80444743,14.09858087
14.83561644,14.15868354,13.6473595
14.84109589,14.07590614,13.56592378
14.94794521,14.18202149,13.69820175
14.1890411,14.27581749,13.6061761
14.25205479,15.68743749,15.03322533
14.70410959,15.46909588,14.92557171
14.42191781,15.18734034,14.57472003
15.12876712,14.36444223,13.92489767
14.9890411,15.75113256,15.27737536
13.6630137,12.89824558,12.09980363
14.46027397,15.0358655,14.43263689
14.24109589,15.00800906,14.35111356
14.11506849,13.34969745,12.66194348
14.11506849,14.64498692,13.95723295
14.96438356,14.56701517,14.08722044
14.39452055,15.15679269,14.53746402
13.64383562,12.87846955,12.07533174
14.10136986,13.3356625,12.64455434
14.6630137,13.90081359,13.34722687
14.98630137,21.26457822,20.79015018
15.40273973,14.63688504,14.26442411
14.42465753,15.19095096,14.57900148
14.3890411,14.67863171,14.05796136
14.80547945,15.57108238,15.05237914
13.84657534,14.61185863,13.8583627
14.52328767,15.2884303,14.70063093
14.76986301,15.53591635,15.00849224
14.24931507,15.01501866,14.36013567
14.00273973,14.76566667,14.05040841
14.27671233,14.87324887,14.22507424
14.59726027,13.83337029,13.2636835
14.19726027,14.96276013,14.29513125
14.04657534,14.8134062,14.10888132
14.34794521,14.15056206,13.51982917
13.96164384,13.74319904,13.01787824
14.13424658,14.66487578,13.98181766
14.07945205,13.31445026,12.61797542
13.89863014,13.13329039,12.39254035
14.88767123,15.65296532,15.15438717
15.31780822,14.74897711,14.35572025
14.27945205,13.69126043,13.04375663
15.53972603,15.60821564,15.26929652
14.96438356,14.19787092,13.71807619
14.54794521,13.78229613,13.20053428
14.63561644,15.40055404,14.84025895
14.53150685,15.29800103,14.71221416
14.62739726,15.39294018,14.83063258
14.30684932,14.11256674,13.47177131
13.91506849,13.20841278,12.47168776
14.07671233,17.4180549,16.72090922
14.67123288,14.41371084,13.86213662
14.04931507,14.68007482,13.97622077
14.71506849,15.27845656,14.73761572
14.09589041,13.36996931,12.67751948
14.98630137,14.23840041,13.76397237
14.67123288,15.43306145,14.88148724
14.21369863,14.97888158,14.31527771
13.98630137,14.66333536,13.94405208
14.03835616,15.71086404,15.00432665
14.79726027,14.0317165,13.51100075
14.10958904,14.14367284,13.4545772
13.63561644,14.40141499,13.59626468
14.55890411,14.60061916,14.02154066
14.04383562,13.27849887,12.57330315
14.07123288,16.66952835,15.971041
14.42191781,15.18778639,14.57516608
14.01917808,13.82374142,13.11250818
15.26575342,15.8139349,15.40793216
14.38356164,15.14770527,14.52569325
15.14246575,16.9817829,16.54559252
14.53150685,13.76980735,13.18402049
14.18082192,14.9465045,14.2748506
14.83561644,15.50858396,14.99725992
14.60821918,15.3741405,14.80713705
14.67671233,13.91202841,13.36179587
14.0739726,14.83743769,14.13962117
14.31232877,15.0781971,14.43874334
14.24383562,15.01080624,14.35458157
14.12876712,14.8945878,14.21018801
15.08767123,15.12403125,14.67442415
14.63835616,15.40404954,14.84442529
14.4109589,13.64853188,13.03322822
15.18356164,15.94881302,15.52268518
13.67671233,14.44219971,13.64711194
14.63013699,14.28729372,13.72565697
14.14520548,13.52940533,12.84903055
13.72328767,14.61309612,13.82941256
14.64383562,14.40274568,13.84446311
14.00273973,13.24057978,12.52532152
14.11232877,14.18136737,13.49294256
14.11780822,14.6769885,13.98990537
14.61369863,13.84754504,13.28188326
14.23561644,13.47008302,12.81184584
14.0739726,13.90922674,13.21141022
14.62465753,15.39055338,14.82757495
13.78356164,13.20694537,12.43802021
14.99452055,14.36091346,13.88849792
14.46027397,14.00980675,13.40657814
14.17260274,13.4074648,12.73379839
14.2630137,15.02707724,14.37554842
14.85753425,13.60933428,13.10337693
14.57534247,13.81097564,13.23592216
14.04931507,14.81317797,14.10932393
13.87945205,13.1174724,12.3720265
14.85479452,15.1591265,14.65249832
15.0109589,15.42155128,14.95316076
14.14794521,14.09005916,13.41035522
14.78356164,14.01821293,13.494143
14.30410959,14.59096828,13.94950201
15.03561644,16.72167797,16.25932498
14.12054795,14.11431347,13.42790117
14.21369863,14.97731633,14.31371247
14.85479452,15.61867871,15.11205052
14.41643836,15.18226522,14.56830324
15.22191781,14.45966637,14.04293025
14.89315068,14.39743613,13.90019966
14.33972603,13.57381241,12.94106701
14.55342466,13.85862815,13.27820798
14.66575342,15.42883473,14.87591885
14.4,16.44544098,15.82745397
14.76986301,15.53541315,15.00798904
14.6,14.6275725,14.05855655
14.41369863,15.17538366,14.56075084
13.99726027,13.0881691,12.37156917
14.78082192,15.54367694,15.01893618
14.00273973,13.23767499,12.52241673
14.6739726,14.05625287,13.50534949
13.87123288,14.63483243,13.88737403
14.64383562,15.41018505,14.85190248
14.09315068,14.85734583,14.16422516
15.12328767,14.35812945,13.91724322
14.08219178,14.19188455,13.49608054
14.42739726,13.66194577,13.05066713
14.29041096,13.96625997,13.32143952
14.12328767,13.44882598,12.76308451
14.94794521,14.81774302,14.33392327
14.50958904,15.27195866,14.6808051
14.97260274,15.22758377,14.74980155
14.55068493,13.78500163,13.20391062
14.07945205,13.75691418,13.06043934
14.48767123,14.35373805,13.75721781
14.75616438,15.52283768,14.9920594
14.08767123,14.85232008,14.15785774
13.99726027,13.23184159,12.51524166
14.43287671,13.6662853,13.05634834
14.04383562,14.80985687,14.10466115
14.66849315,13.9029128,13.35066775
14.94794521,14.34086701,13.85704726
14.04931507,15.64940306,14.94554902
13.66027397,14.42566059,13.62654779
14.24657534,17.2339888,16.57843496
14.17808219,14.94062782,14.26830308
14.45205479,15.21885342,14.61361231
14.52328767,13.75789248,13.1700931
14.91780822,14.9677682,14.47656926
14.61643836,13.85085316,13.28586222
15.6739726,14.90759653,14.60154839
14.54520548,15.30795504,14.72552236
14.58082192,15.34765328,14.77394147
15.08219178,15.84741401,15.39646524
13.82191781,13.07831048,12.31877702
14.36438356,13.60212423,12.97541635
14.26849315,15.0347945,14.38460736
14.90684932,15.67278533,15.17890304
14.93972603,15.70496358,15.21913132
14.66027397,15.42607816,14.8718206
14.41369863,15.18024652,14.5656137
14.38082192,15.14697345,14.52429059
14.04657534,14.81162869,14.10710381
14.04109589,14.66545479,13.95958824
14.85479452,14.0922544,13.58562622
14.32876712,14.0380048,13.40257605
14.62739726,13.86092617,13.29861858
14.4109589,15.17711688,14.56181322
14.5890411,14.55200972,13.98031042
14.50958904,14.34434321,13.75318966
13.89863014,13.40127377,12.66052374
14.64109589,20.1953695,19.63641609
14.96438356,15.40498163,14.9251869
14.44657534,15.2124315,14.60584871
14.04657534,14.20461047,13.50008559
14.47123288,13.70583431,13.10528905
14.75616438,14.13041354,13.59963525
15.05205479,15.3615586,14.90323063
13.94246575,14.59189945,13.86188279
14.40273973,14.31345239,13.69613623
15.47671233,14.71160134,14.35725298
13.82191781,13.05564082,12.29610736
15.16438356,15.93046417,15.49964048
14.40821918,13.64512558,13.02915109
15.13424658,14.36835987,13.93015698
14.2739726,13.5128359,12.86399043
14.65753425,13.89525341,13.34032502
14.96712329,15.73241099,15.25328709
14.7260274,14.51983311,13.98167562
13.37534247,13.51785745,12.64897769
13.79726027,14.56367793,13.79810695
14.50684932,15.27232368,14.68049929
14.05753425,14.82194503,14.1201035
14.43013699,13.66392055,13.05331275
14.63835616,15.40471913,14.84509488
14.48493151,14.9288274,14.33163632
14.10958904,14.87540267,14.18630702
14.35616438,15.12201239,14.493292
14.20273973,14.96399816,14.29771094
14.77260274,14.00846364,13.48171037
13.74246575,14.50825123,13.72926352
13.81917808,13.05324224,12.29303795
13.74520548,14.10481257,13.3264957
14.82465753,14.06318823,13.54918084
14.10136986,13.33653867,12.64543052
14.32328767,13.55843814,12.92166773
14.67671233,15.01220429,14.46197175
14.7260274,15.49167117,14.95351368
14.47671233,15.24139042,14.64218683
14.63287671,13.86760202,13.3066361
14.31232877,15.07695671,14.43750295
14.31506849,13.54921987,12.91043694
14.84383562,15.60955587,15.10024434
15.38082192,16.14686077,15.76903315
15.35342466,14.86745287,14.48291688
14.6109589,15.37730754,14.81097493
14.15342466,14.91525502,14.23689275
13.67945205,14.44256956,13.64815262
13.75616438,14.52209988,13.74646636
14.86575342,16.20114718,15.69720234
14.20547945,14.97017133,14.30455495
14.24383562,14.91434041,14.25811574
14.43287671,13.88301301,13.27307604
14.56712329,13.80069226,13.22362627
14.83561644,14.06988042,13.55855639
14.66027397,15.34099473,14.78673717
14.6,13.83394135,13.26492539
14.69863014,14.05426349,13.50939765
14.16438356,13.3982398,12.72256088
14.77260274,14.50445713,13.97770386
14.02191781,13.25681526,12.54625286
14.45205479,15.21798402,14.6127429
14.82465753,14.06068663,13.54667925
13.98356164,19.9474361,19.22748199
14.04109589,14.52296012,13.81709357
14.50958904,14.9782219,14.38706835
14.54794521,14.00571623,13.42395439
14.65479452,13.89056692,13.33496769
13.96986301,14.15725156,13.43394327
14.11780822,14.88394289,14.19685975
14.63013699,14.15162065,13.58998389
13.33424658,14.10032755,13.22138525
14.16986301,13.40687984,12.73254259
14.51780822,17.34405854,16.7549175
14.30410959,15.07062756,14.42916129
14.15342466,14.70020303,14.02184077
14.78630137,15.55353734,15.03013825
15.04109589,15.04651385,14.58550253
14.2630137,14.19157981,13.540051
14.0630137,14.82925292,14.12875306
14.25479452,14.22571682,13.57217549
14.81917808,14.47788528,13.96253623
14.94794521,14.40129381,13.91747406
13.69589041,14.46141263,13.67102071
15.01369863,15.26365488,14.7959352
14.05753425,13.29235771,12.59051617
14.39452055,13.62758661,13.00825794
14.46849315,15.23453346,14.63331736
14.12328767,14.88801084,14.20226938
14.20273973,14.79933357,14.13304636
14.35342466,15.11937624,14.48998502
14.0109589,14.76833056,14.05508481
14.95068493,15.71359556,15.23044665
14.34520548,13.901333,13.26992927
14.50410959,13.76996759,13.17747236
14.68493151,13.96560363,13.4173836
14.77260274,15.53545511,15.00870184
14.04109589,14.80372597,14.09785942
14.05205479,14.81716771,14.1139845
14.15890411,14.92113662,14.24411603
14.67945205,13.91640627,13.36684457
14.19178082,13.42663836,12.7576678
14.69041096,14.80776984,14.26089148
13.96986301,14.73622565,14.01291736
14.60273973,13.8410413,13.27269618
14.79178082,16.91279368,16.39073626
14.61643836,14.44914089,13.88414996
14.32328767,15.08966002,14.4528896
14.16438356,14.92679242,14.2511135
14.16438356,14.12743268,13.45175376
14.15068493,14.91545771,14.23642461
14.32328767,13.55741895,12.92064853
14.23835616,14.01524558,13.35767924
14.39452055,13.72400961,13.10468093
14.61369863,14.65707807,14.0914163
14.55616438,14.20729553,13.62754619
13.56438356,14.32959442,13.50700236
13.49315068,14.25854317,13.41850937
14.55342466,15.31984831,14.73942814
14.36438356,13.95912513,13.33241726
14.43561644,14.16606522,13.55679909
14.73150685,13.9664385,13.42962269
13.90136986,13.13567918,12.39559997
14.3890411,14.74970785,14.1290375
14.45479452,14.1964909,13.59192063
14.68493151,13.91865233,13.3704323
14.28767123,15.05287712,14.40738583
14.15890411,14.92408058,14.24705999
15.04657534,14.28001157,13.82034192
14.24657534,13.71399444,13.0584406
15.11232877,15.24559229,14.80202272
14.34246575,15.1056977,14.47362314
14.09041096,13.32366341,12.62987191
15.12876712,15.64685406,15.2073095
14.2,14.96582158,14.29886353
14.63013699,15.39706083,14.83542408
14.28219178,13.76406436,13.1172314
15.6,17.89333557,17.56917485
14.72054795,15.48229349,14.94279433
14.43835616,15.16694294,14.55834764
14.6,14.84971811,14.28070215
14.98630137,15.75204163,15.27761358
14.11506849,16.28400762,15.59625364
14.07945205,15.76289746,15.06642261
14.70958904,13.9441293,13.40194679
14.43561644,13.67228608,13.06301995
14.61369863,13.8475357,13.28187393
14.1260274,14.89112396,14.20605334
14.51780822,13.75196607,13.16282503
14.6,15.36382288,14.79480693
14.23013699,14.99100387,14.33142502
15.20273973,15.96856996,15.54713798
14.88767123,15.65271709,15.15413894
14.81643836,15.58138084,15.06536095
14.57260274,15.33437605,14.75865173
14.03835616,14.8036291,14.09709171
14.10684932,14.8730549,14.18328842
14.43013699,15.19648987,14.58588206
13.95068493,14.71743819,13.98943404
14.16164384,14.92761922,14.25126946
14.12054795,13.98309382,13.29668152
15.22465753,14.46332579,14.0472605
14.24109589,13.47483123,12.81793573
14.81369863,15.57839737,15.06170665
14.46575342,15.23121695,14.62933001
14.64657534,15.01465649,14.45704475
14.17808219,13.41324854,12.7409238
14.28767123,13.52225611,12.87676482
14.89863014,15.66576867,15.16987387
14.93972603,14.17388981,13.68805755
14.11506849,13.34952712,12.66177315
14.90958904,15.67484078,15.18162932
14.06849315,13.30223236,12.60307417
14.58082192,14.12738856,13.55367676
15.02739726,15.79114542,15.32677992
14.39452055,14.83791351,14.21858484
15.15342466,15.12521587,14.69170884
14.30136986,14.64564597,14.00350886
14.93150685,15.69357077,15.20572601
15.02465753,15.83698675,15.37195042
14.71506849,13.94913968,13.40829885
14.36164384,13.94451088,13.31713218
14.52054795,15.28680307,14.69833287
13.70958904,14.47664653,13.68960879
14.48219178,15.24397548,14.64611357
14.15616438,14.92202754,14.24433611
14.53972603,13.77234666,13.18857231
14.66027397,14.454817,13.90055944
14.81917808,14.05448478,13.53913573
14.50410959,15.26992205,14.67742683
14.17808219,14.94231754,14.2699928
14.50684932,13.97253554,13.38071116
14.20273973,13.43650596,12.77021875
15.17808219,16.5205598,16.0930903
13.97808219,14.74459459,14.02329881
14.74520548,14.95490445,14.42144282
14.96712329,15.73409844,15.25497454
13.92054795,14.68299926,13.94761591
15.57808219,14.8124489,14.48292149
14.37534247,13.61301559,12.98899106
14.44109589,13.67631339,13.06838894
14.07945205,13.55444418,12.85796934
14.30410959,13.53891426,12.89744799
13.82739726,14.00889861,13.25070683
14.53150685,14.69515836,14.1093715
13.8739726,14.63822926,13.89144169
14.95342466,17.58891156,17.10643348
14.95342466,15.71954755,15.23706947
14.5369863,15.30407598,14.71963079
14.34794521,15.113167,14.48243411
13.73424658,14.49786023,13.71686002
13.79452055,14.03882152,13.27257971
14.53150685,13.78516001,13.19937315
14.71780822,15.47963726,14.93946726
14.10136986,13.33659734,12.64548919
13.87123288,14.63279308,13.88533469
14.9369863,14.48332929,13.9968262
14.46575342,15.23060353,14.62871659
14.89315068,15.65849384,15.16125736
14.90410959,14.27147128,13.77691815
14.13424658,14.90069026,14.21763214
14.56712329,14.54413393,13.96706794
14.51506849,13.74858208,13.1587702
14.5369863,13.77011275,13.18566756
14.97534247,15.73886581,15.26175442
14.8,15.56265318,15.04260827
14.4630137,15.23041767,14.62785991
14.27945205,13.51372056,12.86621676
14.60273973,15.36807936,14.79973424
14.35616438,13.79633589,13.16761551
14.99178082,15.75681347,15.2837271
14.03287671,14.79857531,14.09069625
14.55342466,13.78843217,13.208012
14.0739726,14.83911652,14.1413
14.30136986,13.53668605,12.89454895
14.01369863,14.77943358,14.06685867
14.44383562,15.20975294,14.60249932
13.70410959,14.47010586,13.68172645
13.93424658,13.16761337,12.43558421
13.75068493,14.51614557,13.73917038
14.21369863,14.97905798,14.31545411
14.54246575,13.77757734,13.19447383
14.37808219,15.14290179,14.5195481
14.88219178,15.64483162,15.1449118
14.30136986,14.80255825,14.16042115
14.1369863,16.18580665,15.50341936
14.11506849,13.34981632,12.66206235
14.59452055,13.93947565,13.36911802
14.41643836,15.18059182,14.56662984
14.18630137,13.75649471,13.08618248
14.64657534,14.14908587,13.59147413
14.8,14.13097912,13.61093421
13.54246575,12.77649808,11.94853933
14.43287671,15.1989551,14.58901813
14.67671233,14.60690549,14.05667295
14.39178082,15.51853528,14.89853577
14.52328767,13.75830663,13.17050726
14.88219178,15.6471305,15.14721068
14.29589041,15.06172845,14.41824967
14.63561644,14.6815118,14.12121672
14.1890411,14.54986058,13.88021918
14.58356164,15.32132928,14.74828831
14.38630137,13.6204943,12.99915312
14.48493151,15.08158016,14.48438908
14.44383562,13.67806569,13.07081207
14.66849315,14.7238654,14.17162035
14.41643836,15.18143387,14.56747189
13.73424658,15.99707911,15.2160789
14.16438356,13.4021578,12.72647888
14.56712329,15.33160958,14.75454359
14.00273973,13.45537463,12.74011637
14.6630137,16.94063281,16.38704609
14.68493151,15.44888542,14.90066538
14.31780822,13.79541665,13.15730456
14.61643836,15.38187589,14.81688495
14.64931507,13.88484564,13.32790474
14.76438356,15.52977725,15.00101147
14.61917808,15.38427616,14.81995606
14.40273973,13.64115769,13.02384152
14.76164384,13.99821807,13.46878145
14.42191781,14.19004502,13.57742471
14.59178082,13.82636911,13.25534065
14.82191781,14.26443211,13.74975389
14.56164384,15.32300486,14.7445972
14.2109589,13.66022707,12.99595237
14.24657534,13.89393125,13.23837741
14.19178082,14.50604339,13.83707283
14.10410959,14.8696644,14.17922708
14.42465753,13.65932838,13.0473789
15.00547945,15.7713668,15.30163461
14.82739726,17.70025571,17.18691916
14.28767123,15.05250582,14.40701453
14.55068493,15.31471427,14.73362326
14.14520548,13.37970768,12.69933291
15.22465753,14.45860088,14.04253559
14.71506849,16.58156078,16.04071995
14.47671233,13.71048801,13.11128442
14.20547945,14.33590608,13.67028971
14.56164384,15.00606899,14.42766133
14.59726027,13.83201271,13.26232592
14.50410959,15.07899143,14.48649621
13.7890411,13.0256273,12.25804381
14.71780822,15.48299453,14.94282453
14.89863014,15.6606515,15.1647567
14.22191781,14.98585555,14.3242642
14.80821918,14.04368517,13.52565277
13.95342466,14.127819,13.40048569
14.99726027,14.23015799,13.75841329
14.75342466,13.99084183,13.4593927
13.76712329,12.70052778,11.92757761
15.23835616,14.47153008,14.05881897
15.1260274,15.8886983,15.44848291
14.68767123,15.45211556,14.90456636
14.8630137,14.61227511,14.10765944
13.74246575,14.50903138,13.73004368
14.6109589,15.37585295,14.80952033
14.68767123,13.92383309,13.37628389
14.70136986,13.93637813,13.39218311
14.37534247,14.11196554,13.48794102
14.57534247,14.17771429,13.60266081
14.44657534,15.21282468,14.60624189
14.6630137,13.89699304,13.34340632
14.66849315,14.42209026,13.86984521
14.39726027,15.16133664,14.54267881
14.17534247,14.94155416,14.26855859
14.82191781,14.0591716,13.54449338
14.44657534,13.68059972,13.07401693
18,18.26842267,18.53191451
18.22,22.63573293,22.95309292
19.48,18.71364919,19.33952678
19.88,20.64669778,21.37051746
19.76,18.9953163,19.68975335
19.42,20.18514698,20.79633325
11.91666667,12.67876731,11.45272315
19.08333333,16.39499779,16.92374947
17.41666667,16.65080194,16.77146156
18.33333333,26.78401073,27.12912097
14.66666667,13.90161925,13.34892698
15.91666667,14.86035929,14.61373606
13.66666667,12.90133332,12.10378582
17.75,19.65292459,19.85520263
14.16666667,14.70871286,14.03359297
11.75,10.98454557,9.717692201
10.83333333,11.59762343,10.10631943
15.08333333,15.84862123,15.39795197
18.41666667,18.6574097,19.02292455
15.58333333,14.81818465,14.48994301
11.83333333,11.51386541,10.26741665
11.66666667,14.41966564,13.13240766
14.16666667,14.04692956,13.37180967
17.5,18.26731488,18.4083791
17.41666667,18.18174939,18.30240901
17.66666667,20.41951403,20.60138746
17.08333333,16.3178134,16.35685461
19.5,20.26579513,20.89656982
11.41666667,11.35404809,10.00557631
17.33333333,16.57165497,16.67190998
16,16.76501274,16.53879411
10.41666667,11.18333867,9.590011656
12.16666667,12.9335709,11.76874054
14.75,13.98540217,13.4531145
16.91666667,20.30059543,20.29882743
10.91666667,10.15151532,8.680615917
16.75,17.51523121,17.472654
13.83333333,14.59854154,13.84180324
14.75,15.515275,14.98298733
11.33333333,12.09937193,10.73049555
17.08333333,16.88721821,16.92625942
16.83333333,16.66831764,16.64614504
11.5,11.00481947,9.676752287
10.08333333,10.40998562,8.735040194
17.33333333,16.74752289,16.84777791
14.66666667,12.81326781,12.26057553
15.58333333,16.16716165,15.83892001
11.16666667,11.04798533,9.638299744
14.83333333,14.0675968,13.55571373
10.91666667,10.15329598,8.682396587
13.08333333,12.31701985,11.37664012
15.83333333,15.12982,14.86279217
18.5,18.13662134,18.5225408
15.25,16.01240764,15.60254759
19.58333333,24.02843116,24.67961045
16.83333333,17.5983025,17.5761299
18.5,19.26526487,19.65118432
13.83333333,13.06711436,12.31037605
14.75,15.51266983,14.98038216
10.16666667,10.93180593,9.277265111
19.41666667,20.18239808,20.79276816
10.33333333,10.03826983,8.424538206
15.83333333,15.06593039,14.79890255
12.16666667,11.95459924,10.78976888
13.16666667,12.56726883,11.64729371
14,14.76566285,14.04973376
17.66666667,19.38028363,19.56215706
16.91666667,16.88712523,16.88535723
11.08333333,11.84939825,10.41930805
15.75,15.46593803,15.17850559
18.41666667,19.18208933,19.54760418
10.16666667,10.32703096,8.672490132
12.08333333,12.81067522,11.62544026
11.5,12.26651284,10.93844566
14.5,13.7347349,13.14123342
10.58333333,11.34898725,9.796469442
12.66666667,11.9006726,10.85826986
14.5,15.26496696,14.67146548
18.5,17.73439184,18.1203113
12.16666667,11.56964537,10.40481501
11.66666667,11.82492864,10.53767067
18.91666667,19.68269385,20.17063633
14.83333333,14.06790157,13.55601851
17.75,18.51640929,18.71868732
12.25,11.48383158,10.33940583
14,14.76489843,14.04896933
19.41666667,19.20991338,19.82028347
14,13.23435602,12.51842693
11.58333333,12.35028597,11.04262339
14,13.23510099,12.5191719
19.16666667,19.93204542,20.4812017
18.5,18.56974609,18.95566554
15.33333333,16.10009741,15.71064196
12.25,11.48776919,10.34334344
15.33333333,18.50132179,18.11186633
14.16666667,13.40086715,12.72574726
19.33333333,23.72181098,24.31177647
12.66666667,11.90157488,10.85917214
14.5,13.73607784,13.14257636
12,12.76561845,11.55997889
14.83333333,19.11461952,18.60273645
10.83333333,9.392251376,7.900947374
19.08333333,18.37035768,18.89910936
14.16666667,13.40080274,12.72568285
10.66666667,10.70401897,9.171905761
14,13.70129228,12.98536319
10.08333333,10.84973726,9.174791832
15.91666667,20.55991485,20.31329162
14.91666667,14.15066437,13.65918591
10.66666667,11.19201117,9.659897965
14.75,14.06366122,13.53137355
12.25,12.3348586,11.19043285
10.91666667,11.54372211,10.07282271
12.75,11.98449199,10.96249385
13.25,14.01233102,13.1127605
12.83333333,13.59414186,12.59254832
14.33333333,14.9319112,14.29760051
15.25,16.01298936,15.60312931
19.16666667,18.27512474,18.82428102
14.5,15.26608082,14.67257935
14.33333333,17.36255152,16.72824084
10.66666667,9.900587154,8.368473948
12.91666667,13.67209947,12.69091054
16.08333333,15.32121679,15.11540277
10.41666667,9.653585646,8.060258631
14.08333333,13.31798341,12.62245892
11.83333333,12.5955165,11.34906773
12.5,13.26584598,12.18263403
18.83333333,17.8703782,18.33791607
14.75,10.92924558,10.39695791
12.08333333,12.84554433,11.66030937
14.83333333,15.04589408,14.53401101
19.25,18.48440636,19.05396724
13.83333333,13.57364311,12.81690481
18.91666667,19.68233707,20.17027954
17.58333333,18.34961901,18.51108784
16.33333333,15.56959285,15.42499263
19.41666667,18.65105373,19.26142382
17.75,18.51565227,18.7179303
10.58333333,11.34420345,9.791685635
18.66666667,18.08235938,18.50908805
16,16.76557651,16.53935788
19,18.23712816,18.74547524
11.83333333,12.47656065,11.23011188
10.41666667,9.936164465,8.34283745
13.75,17.1676194,16.3904765
16.25,17.95149711,17.78649229
17,16.27054406,16.28918066
18.66666667,19.17263281,19.59936147
14.91666667,14.1508746,13.65939614
14.91666667,15.2908663,14.79938784
10.75,11.51624954,10.00454093
12.83333333,12.06770334,11.06610981
14.58333333,15.34471417,14.77161729
15.41666667,20.06318445,19.6941336
14.33333333,18.23440309,17.60009241
11.33333333,10.56627613,9.19739974
19.08333333,19.79481407,20.32356574
13.33333333,14.09705032,13.2178844
16.66666667,17.43192526,17.36894346
15.41666667,14.64977304,14.2807222
16.41666667,15.65061396,15.52641835
16.58333333,15.81841555,15.73502914
16.66666667,15.90054535,15.83756354
15.25,14.48420411,14.07434406
12.66666667,14.4870339,13.44463116
10.91666667,11.68217463,10.21127523
16.5,15.73477187,15.63098085
13.08333333,12.35728229,11.41690256
14,15.16944716,14.45351807
10.66666667,10.4687298,8.936616596
16.41666667,15.6512212,15.52702559
15.91666667,18.69822884,18.45160561
12,11.23422087,10.02858131
10.91666667,10.57362317,9.102723773
10.08333333,9.842197988,8.167252561
15.33333333,14.5683974,14.17894195
14.91666667,14.15016522,13.65868676
14,14.06658026,13.35065117
10.08333333,10.84982685,9.174881419
14.33333333,13.56816712,12.93385644
19.41666667,20.28018796,20.89055805
19.08333333,18.31600164,18.84475331
14,13.23410292,12.51817382
18.41666667,19.18259098,19.54810583
15.75,17.94528209,17.65784966
19.41666667,18.65420502,19.26457511
15.5,15.11993811,14.77129187
15.16666667,15.93164772,15.50138307
11.25,12.01620964,10.62692865
17.16666667,17.71970878,17.77915459
15.5,17.62522071,17.27657447
12.75,13.51499684,12.4929987
14.16666667,14.92971068,14.25459079
14.58333333,14.33115585,13.75805897
16.75,24.14256328,24.09998608
15.33333333,14.56708199,14.17762653
13.66666667,14.43098091,13.63343341
13,12.56913463,11.60835031
18.58333333,17.81774428,18.22406834
10.41666667,11.18172885,9.588401839
14.83333333,15.59965973,15.08777666
14.25,13.20194816,12.54723287
14.75,15.51585692,14.98356925
14.91666667,14.7706734,14.27919494
12.33333333,11.56695892,10.44293776
14.66666667,15.42985196,14.87715969
14.33333333,13.56715151,12.93284082
16,16.76461213,16.5383935
14.5,15.26649444,14.67299296
12.08333333,11.97776087,10.79252591
14.08333333,13.31669895,12.62117446
16.83333333,16.07092417,16.04875157
13.66666667,14.3855855,13.58803799
14.08333333,13.32108095,12.62555646
13,11.93393962,10.97315529
14.75,15.51554068,14.98325301
16.33333333,17.09661135,16.95201114
19.5,19.50070154,20.13147623
14.58333333,15.34552453,14.77242765
15.25,17.81819298,17.40833293
12,12.76620536,11.5605658
14.83333333,15.59730022,15.08541715
11.33333333,10.6350757,9.266199315
14.58333333,13.8172814,13.24418453
19.75,18.98438723,19.67637573
16.962126,16.195911,16.20527395
11.201574,10.70858838,9.307450038
14.920146,15.68544154,15.19481501
13.419803,14.18361943,13.32562606
13.47456,17.44081762,16.5962318
12.6013,13.36548105,12.30707294
14.596509,15.36130592,14.79143518
10.361168,14.97744212,13.37052597
10.476157,11.23738719,9.658626694
11.751996,13.8639734,12.59760876
10.375313,10.67019747,9.066744792
10.520419,11.28304102,9.715118308
10.096052,10.85998822,9.18815703
12.499885,13.26548739,12.18224729
11.16062,11.92601858,10.51485243
10.553045,11.79191132,10.23197725
12.59263,13.35890598,12.29837497
14.331622,13.56618668,12.93145697
12.299566,12.43393568,11.30164642
13.643851,14.40899975,13.60586571
13.324093,17.89550397,17.01407551
11.016084,11.1971365,9.750579954
13.671343,15.19852496,14.40212248
11.207278,10.44113069,9.041388994
11.724617,12.39508515,11.12201662
15.289869,15.96788339,15.56778547
10.725758,11.49105202,9.973407632
10.985854,12.26307915,10.80912063
19.349874,21.9973334,22.59134895
12.671914,15.73714137,14.69602347
11.180355,11.94576471,10.53943078
10.23785,9.471917859,7.834806647
12.031371,8.402180811,7.204222602
11.087268,11.85422216,10.42509539
11.163928,11.55664673,10.14629056
15.357859,14.5913921,14.20794189
19.01597,19.78172599,20.2939834
15.155258,15.92083389,15.48777577
16.119438,16.88495971,16.6879861
14.29603,15.06212807,14.41868347
10.479466,11.24119712,9.663246849
10.156399,9.390194263,7.733139347
18.75,22.78638974,23.233523
19.17,18.20730276,18.75727522
18.5,19.2661046,19.65202406
19.83,17.98305702,18.69463394
19,19.76663094,20.27497801
12.92,12.15435941,11.17398666
19.8,20.56703068,21.27126194
12.15,12.9137094,11.74479812
14.77,15.53556944,15.00817887
17.36,17.10155275,17.20833724
19.16,18.39544535,18.94296926
13.78,17.82937488,17.05957763
17.13,17.89416457,17.94463236
15.7,16.4362011,16.1365259
15.35,14.58414429,14.19876976
11.81,12.57183428,11.31967223
14.37,13.79184625,13.16651359
12.83,13.59629116,12.59388144
14,13.23301052,12.51708142
14,14.54973134,13.83380224
16,15.3773737,15.15115507
17,17.88471668,17.90335329
20,20.76649616,21.51969846
13,13.5012001,12.54041577
14,14.76574667,14.04981757
17,17.99302025,18.01165685
15,14.7791244,14.30805054
10.5,11.26531638,9.692393965
11.55,12.3147257,10.99890128
10.29,11.88170625,10.25736424
11.45,12.21530855,10.87499861
10.08,9.793375551,8.11761394
11.99,12.40875887,11.20067075
10.53,11.29308195,9.727505196
10.64,9.874923857,8.336281177
14.75,13.98448025,13.45219258
13.35,12.53374302,11.65865802
12.58,12.45336232,11.3897388
12.91,12.71893506,11.73611376
14.98,15.74476136,15.26879039
15.28,16.04351208,15.64099769
15.53,14.76423657,14.42293598
13.88,13.11693215,12.37162043
12.08,9.436993587,8.250942443
16.05,15.28434395,15.07036808
14.86,14.07694917,13.57159557
16.57,14.47169864,14.3850475
16.6,15.83371319,15.7544077
16.13,16.89366585,16.6992784
14.76,13.99339597,13.46355685
12.9,12.13420253,11.14893268
14.91,14.14786482,13.65475398
19.83,18.31395147,19.02552838
19.08,18.32433764,18.85227313
12.25,13.6302821,12.48585635
15.91,15.14372559,14.89546999
17.5,18.08128426,18.22234848
14.41,15.17622562,14.56068717
14.66,15.42519085,14.8708662
19.33,20.09671845,20.68586775
19.66,18.89452373,19.56447526
15.3,14.53493923,14.13732194
17.4,18.16533315,18.28191185
17.1,16.33465298,16.37777511
16.1,16.86493953,16.66320643
17.2,17.97177531,18.03938296
10.4,11.16464115,9.567233209
10.2,10.96278513,9.316406146
11,11.76394067,10.31344588
17.8,17.0374971,17.2520179
11.8,12.56344203,11.30883142
18,18.71942659,18.98291843
12.6,13.36299009,12.30426367
18.2,17.75834744,18.07081032
17.3,16.53687678,16.62896996
18.9,18.13385494,18.61771649
15.6,14.83309214,14.50893142
18.9,18.21619083,18.70005238
12.4,13.16213545,12.05443798
16.8,16.033117,16.00278255
15.5,16.2621533,15.91350705
10.9,11.66457743,10.18959711
10.4,9.633560703,8.036152767
13.9,14.66555753,13.92514291
11.2,11.96473135,10.5632076
10.8,11.56391951,10.06445366
15.6,16.36368845,16.03952773
10.8,10.03313543,8.533669591
17.9,18.66716255,18.90616887
12.8,12.0329058,11.02315042
12.2,12.9667434,11.81007488
10.2,11.24414134,9.597762355
11.5,12.26239839,10.93433121
11.6,13.21755889,11.91397724
16.5,17.26554978,17.16175877
14.4,13.63297734,13.01499034
17.8,15.32791732,15.54243812
17.8,18.5678832,18.78240399
14,14.35992639,13.6439973
14.5,13.73412633,13.14062485
17.2,17.96729,18.03489766
17.6,18.36161496,18.52716471
14.8,15.56562809,15.04558318
13.3,14.06192454,13.17459678
14.9,14.13349316,13.63793378
15.8,16.56412563,16.28893595
15.4,16.16466506,15.7915333
14.8,14.03494901,13.5149041
17.9,18.66505849,18.9040648
16.6,16.90382784,16.82452235
13.6,16.34428691,15.53041572
15.8,16.56481618,16.2896265
15.5,16.39959074,16.05094449
18.2806,17.51797379,17.85017201
18.7379,19.49991326,19.94408377
18.2615,19.02346218,19.35098366
16.104,16.86844332,16.66768963
13.8097,14.57248865,13.8099636
14.9432,15.70884561,15.22386397
15.0253,14.2581691,13.79329007
17.0705,17.06503165,17.10093055
18.1383,18.90450805,19.20186337
12.9391,12.9831421,12.00744609
10.4668,11.23403599,9.652984387
18.2177,18.98268786,19.29948469
12.5257,13.83762112,12.76070196
18.8008,18.32574801,18.78531992
16.0986,16.16634652,15.96427062
18.1547,21.50206686,21.8034378
14.412,14.17248868,13.55743994
16.3943,15.62835267,15.49868046
19.7591,20.90847,21.60268668
15.92,15.64312803,15.39732098
12.75,19.3447568,18.32275866
10.67,11.43547255,9.904175525
12.25,13.01582785,11.8714021
13.33,14.09379617,13.21381407
10.83,11.59624805,10.10412786
17.83,17.06408974,17.28595619
13.92,16.7800134,16.04449588
16.66,17.42537427,17.3607601
11,10.2341365,8.7836417
14.17,14.93235643,14.25805272
10.92,11.68341606,10.21333285
14,14.76415726,14.04822816
15.25,16.01567909,15.60581904
12.33,13.092144,11.96730666
18,17.23492987,17.49842171
15.1,15.8657408,15.41915246
14.2,13.43456673,12.76760868
16.6,15.83348376,15.75417827
13.9,14.66199043,13.92157581
15.6,16.36553537,16.04137465
16.2,16.96568816,16.78844058
12.4,13.16617849,12.05848102
14.7,15.12717182,14.58264139
16.6,16.23299698,16.15369149
12.2,12.96569997,11.80903146
12.8,13.56578354,12.55602816
15.2,15.96633939,15.54423658
12.4,11.63517883,10.52748136
14.2,13.43797351,12.77101546
16.9,16.13437113,16.12852221
12.77,12.63644821,11.61934718
10.84,11.60172979,10.11205815
10.64,9.873870057,8.335227377
11,11.76445904,10.31396424
10.18,10.94513982,9.293863735
10.37,11.13319611,9.528442518
10.82,16.69123478,15.19666604
11.09,10.32447571,8.896017884
12.76,11.99786314,10.97831356
10.79,11.55529789,10.05338349
11.79,12.04142778,10.78436862
11.17,15.01183766,13.60296826
12.43,11.66324319,10.56289138
10.52,10.374832,8.806806694
18.59,19.35554065,19.76349708
10.69,11.45195004,9.925550126
11.91,21.93089313,20.70321659
12.49,13.25355925,12.16789875
12.81,13.57377193,12.5664651
14.2,13.43940904,12.772451
16.93,17.6936532,17.69514994
17.3,17.08659924,17.17869242
10.46,9.694238457,8.111521835
10.52,9.84829077,8.280265462
10.73,9.964717312,8.448111603
10.76,9.994124852,8.4848648
11.03,11.79758146,10.35443232
11.32,12.08712324,10.71498212
11.69,10.92425897,9.642714286
12.1,12.08425322,10.90309918
12.23,12.9946259,11.84530305
13.18,12.41482852,11.49811813
13.583,12.82131607,12.00328234
13.628,13.81748993,13.01047469
13.72,13.75264439,12.96815583
14.36,13.59395609,12.96617488
14.425,14.22756469,13.61569907
14.653,13.88728395,13.33124532
14.66,13.89699185,13.3426672
15.27,14.50446708,14.09950413
15.284,17.30543158,16.9038966
15.42,14.65568214,14.28744748
15.53,14.76598617,14.42468558
15.71,14.94735992,14.65013327
16.13,15.36445603,15.17006858
16.28,16.11251649,15.95485733
16.55,17.31606738,17.22451913
19.228,19.99414607,20.55832014
10.19,10.7420247,9.09319717
10.74,11.13921771,9.625060558
11.92,11.73604463,10.51081664
12.07,11.3049762,10.11647651
12.67,13.4367618,12.39517525
14.79,15.55632085,15.03382739
16.31,17.0751993,16.92488579
16.55,15.78510133,15.69355308
16.88,16.11609336,16.10534734
17.7,17.26758178,17.45761704
19.13,19.89599288,20.43617113
19.73,18.9641214,19.65121279
12.04,11.27675399,10.08090864
16.83,19.21424962,19.19126084
13.75,14.89262594,14.11548304
12.66,11.8944574,10.85042229
13.25,14.01657363,13.1170031
12.66,13.42521008,12.38117498
19.5,18.73404551,19.3648202
15.75,16.23129517,15.94386273
15.91,15.1440704,14.8958148
14.91,14.14437674,13.65126591
12.81,12.04517151,11.03786469
10.6927,9.92735814,8.401619331
12.3477,13.10895112,11.98844772
11.178,11.94205232,10.53514175
11.8816,12.64755157,11.41292115
12.4298,13.19530153,12.09490074
12.2546,12.06434254,10.92104312
12.3833,13.14740927,12.03562272
14.88,15.64581311,15.14535662
12.36,11.59452142,10.47702974
10.99,10.22376759,8.770824245
11.8,12.02686741,10.7722568
14.44,13.03600609,12.4278133
14.8,15.56591527,15.04587036
15.04,16.40867637,15.94739671
13.38,12.61353507,11.74579573
11.55,12.31641074,11.00058632
11.07,11.83565792,10.40230299
13.66,18.23719143,17.43801156
17.79,18.10733452,18.31940676
11.56,10.79390148,9.480525618
16.03,16.79210758,16.57323461
15.92,16.6859876,16.44018056
14.03,14.79509925,14.08651582
17.78,18.54617543,18.75579912
14.29,15.05247394,14.40755287
12.09,12.85501117,11.67140857
13.41,14.17633596,13.31594227
12.68,11.91305157,10.87391357
10.96,16.12106556,14.66077655
15.74,16.50545554,16.21557455
13.85,11.9266115,11.17395412
12.01,11.66764485,10.46445384
11.83,11.06290015,9.815635199
10.53,11.29516484,9.72958808
11.66,12.72282361,11.43393327
12.15,11.59057221,10.42166093
11.9,16.91667328,15.68654819
11.95,12.71139538,11.49351305
12.9,12.13378302,11.14851316
13.36,12.59329254,11.72065609
13.12,12.35391925,11.42251755
13.63,14.39489281,13.58836728
12.66,11.89500615,10.85097104
11,10.410561,8.960066207
13,13.66790085,12.70711652
16,16.76733609,16.54111746
19.7,20.46743351,21.14717924
17,16.23471412,16.25335073
18.7,19.46356368,19.89845418
20,20.76591762,21.51911993
19,18.23630477,18.74465184
20,20.76351245,21.51671476
19,18.23861195,18.74695902
20,20.36406255,21.11726486
19,19.7616124,20.26995947
12.00547945,12.78576512,11.58146723
12.43835616,11.67113359,10.57282783
12.26575342,19.17341764,18.03284919
11.76164384,12.52668471,11.2626824
13.65205479,13.08626356,12.28513826
10.43561644,10.95201213,9.363325068
12.70136986,11.9353852,10.90147972
11.95342466,12.71592412,11.49888034
11.01917808,10.25328255,8.807483607
10.68767123,11.45089362,9.923923492
12.51232877,15.03881365,13.95862047
10.87123288,11.24773974,9.765715636
11.46849315,12.19611117,10.86032938
13.79726027,14.56286927,13.79729829
10.24109589,12.21234914,10.5760327
11.72876712,10.96206869,9.690016338
10.95342466,11.71748586,10.25558685
11.75890411,12.52105555,11.25638239
10.49,9.724655002,8.149284037
11,12.14890634,10.69841155
11,11.59723747,10.14674268
11.2,10.43405232,9.032528573
15.3,14.88150712,14.48388982
11.3,10.53568851,9.158650286
11.3,10.53512696,9.158088739
17.6,16.0511466,16.21669635
16.2,15.43439478,15.2571472
14,14.76430164,14.04837254
17.6,19.62186695,19.7874167
15,14.33102905,13.85995519
14.4,14.01807011,13.40008311
17.7,20.27730716,20.46734242
17.6,13.92619072,14.09174046
11.2,11.9645761,10.56305235
13,12.2339456,11.27316127
13,12.23527547,11.27449114
17.1,17.55110042,17.59422255
16.2,16.96504149,16.7877939
12,12.76257026,11.55693069
13,13.76405688,12.80327255
11,11.47910205,10.02860725
12,12.76444198,11.55880242
11,10.23888601,8.788391211
12,12.76091885,11.55527929
12,12.76518917,11.55954961
11,10.23804416,8.787549363
14,14.76204534,14.04611625
12,12.7646821,11.55904254
20,19.23416809,19.98737039
19,19.76552553,20.2738726
18,23.84372934,24.10722118
19,18.62986098,19.13820805
18,18.76661347,19.03010531
18,17.23538183,17.49887366
13.83333333,14.59936494,13.84262663
16.5,15.73588943,15.63209842
19.58333333,20.34816506,20.99934435
19.25,18.48385528,19.05341616
19.25,18.48602751,19.05558839
12,11.23350546,10.0278659
12.5,11.73381862,10.65060667
15.25,15.3484298,14.93856974
15.5,16.26634028,15.91769403
14.25,15.01657692,14.36186164
13.5,13.73448852,12.89613181
15,15.76568007,15.29460621
13,13.76631449,12.80553016
10.25,11.01522293,9.38108671
19.75,18.12954807,18.82153656
20,19.13750769,19.89071
17.5,16.73684701,16.87791123
18.75,17.98469183,18.4318251
16,16.76697333,16.5407547
13.5,14.11368653,13.27532982
19.5,18.73384961,19.3646243
11,10.23433092,8.78383612
18.75,17.98477861,18.43191187
19,19.7648976,20.27324467
13.5,14.26622233,13.42786562
10.862,13.01213713,11.52785232
10.541,11.30540275,9.742519399
11.32,10.55493176,9.182790642
10.68,10.13703461,8.608186138
11.34,10.57573386,9.208489846
11.2,11.96655887,10.56503512
11.09,10.32389402,8.895436195
12.47,13.2365355,12.14597789
12.9,12.96049714,11.97522729
11.76712329,11.00014441,9.737483765
11.84383562,11.07821635,9.834339125
10.12328767,9.829295793,8.164133394
10.09041096,9.325035103,7.651822671
10.08767123,9.633772949,7.959889679
12.8739726,12.10821863,11.11657583
11.09041096,11.85609337,10.42773617
10.68767123,9.922236691,8.395266561
12.89863014,13.41751024,12.43190497
11.09589041,10.88077012,9.453754594
10.08767123,10.32650503,8.652621759
11.66027397,12.42221359,11.13339034
10.82465753,10.65336298,9.159934665
10.29589041,9.529894091,7.906994377
11.02739726,11.78085303,10.33706659
12.66027397,13.13226445,12.08829643
12.35342466,13.11838909,11.9992874
10.63013699,9.863297415,8.322239725
11.24383562,10.47751693,9.086726563
11.85205479,12.26120647,11.01934175
11.72876712,11.78309453,10.51104217
12.76438356,11.99842406,10.97994781
11.44657534,10.68496734,9.343818851
10.37260274,10.98961823,9.385501934
10.44383562,10.40735459,8.820680034
12.36986301,11.36478743,10.24971076
12.16438356,11.59974756,10.43435818
11.75890411,12.51977899,11.25510584
11.02465753,11.78679751,10.34234024
10.29041096,11.05548137,9.431239989
11.95068493,11.86297496,10.64526034
12.16438356,11.95489085,10.78950146
10.60821918,11.24967737,9.703252993
10.35342466,11.11937962,9.510567469
10.01917808,9.253590097,7.562935921
10.54246575,9.982264735,8.419740284
10.30410959,11.07156107,9.450673861
10.59726027,10.07026656,8.521158838
11.29863014,10.53349019,9.156116542
10.67671233,10.89498348,9.365330003
11.21643836,10.45319678,9.055698052
11.0739726,10.90249249,9.470110271
12.65753425,11.89114913,10.84651027
11.02465753,10.25859384,8.814136573
11.16986301,11.06602615,9.657123201
12.66575342,10.78199442,9.739368065
11.04109589,11.05074437,9.610312118
10.26849315,9.501896724,7.872288648
10.37260274,9.605843506,8.001727208
11.52876712,10.76375844,9.442735041
11.28493151,10.61141685,9.230689028
12.42739726,13.01743517,11.91644607
11.23013699,10.4636642,9.069519648
11.82191781,12.58666551,11.3374216
10.79726027,14.08075263,12.58061595
10.63013699,11.39421599,9.853158297
10.10958904,10.31923519,8.65071861
12.66027397,11.89339935,10.84943132
10.69589041,9.930046686,8.405089066
11.65753425,10.89060597,9.601111873
10.58630137,12.93574558,11.38395451
12.60547945,13.48242874,12.42504399
18.5818,19.34706752,19.75301613
13.5496,12.78711739,11.9609055
18.5517,17.78551961,18.18409808
11.7892,11.02207954,9.764824491
11.4962,13.75352942,12.42453179
19,19.76377771,20.27212479
20,20.76585332,21.51905562
20,20.76602954,21.51923185
20,19.4892709,20.24247321
10.87,11.63252927,10.15020329
10.119097,9.35203416,7.685845654
16.33333333,16.79094937,16.64634915
17.16666667,14.76229215,14.82173796
17.16666667,16.40066588,16.46011169
15.41666667,14.65109235,14.28204151
15.58333333,16.34690051,16.01865887
16.16666667,15.40110367,15.21569425
12.25,11.48407028,10.33964453
12.25,11.48528805,10.34086229
14.08333333,13.32133128,12.62580679
13.58333333,12.8206908,12.00273869
13,13.76468353,12.8038992
11,10.23292226,8.782427462
12.1,12.01539192,10.83423789
11.32,12.03217173,10.66003061
13.42,13.49330818,12.63536305
13.28,12.51450971,11.62228484
12.49,13.25177589,12.16611539
16.31,16.18297596,16.03266245
17.83,17.06413981,17.28600626
10.86,11.62379346,10.13901893
17.7,16.93496648,17.12500175
14.2,13.88535393,13.21839588
13.3,12.80033293,11.91300517
16.93,16.1643073,16.16580404
10.52,11.16798773,9.599962423
15.27,14.50747134,14.1025084
11.4,10.99840085,9.645848151
14.66,13.89473015,13.34040551
17.3,17.21993924,17.31203241
16.88,16.11525486,16.10450884
16.55,17.31423336,17.22268511
14.79,14.57693197,14.05443851
16.73,15.9635305,15.91605619
16.28,17.04695092,16.88929176
16.13,15.64010967,15.44572222
10.76,11.52643491,10.01717486
11.03,10.26439363,8.821244495
11.24,12.00590495,10.61417541
11.41,12.22316291,10.87305876
11.53,10.76593476,9.445213237
11.69,12.45221069,11.170666
11.7,12.36835762,11.08926149
11.71,15.65473759,14.37809001
12.41,13.17477967,12.06953076
12.88,13.64210684,12.65193989
12.91,13.67503224,12.69221094
13.03,13.79593462,12.84249594
13.11,14.41895659,13.48510634
13.44,14.00090567,13.14785764
13.53,14.29192577,13.46091471
13.68,15.43549784,14.64121507
13.94,13.17321294,12.44259253
13.97,13.20521865,12.4819439
14.15,15.72620229,15.04700148
14.24,15.00571321,14.34854937
14.57,15.33601854,14.75965693
14.85,16.38177653,15.87397439
15.78,15.0139248,14.73383802
15.91,16.22351462,15.97525902
15.92,15.15499107,14.90918403
16.05,16.81623987,16.602264
17.16,17.92591746,17.9837309
17.23,17.63087496,17.70582827
17.49,18.25600688,18.39462255
18.43,19.19661383,19.56539341
18.48,18.79258464,19.17360699
18.72,17.95301967,18.39280728
18.74,18.62557292,19.07025763
18.81,20.91702346,21.37884804
18.86,20.95065407,21.42472141
18.9,19.66501943,20.14888098
18.93,18.1636684,18.65487561
18.96,18.19349829,18.69205115
11.75,12.51497108,11.24811771
10.58,11.34685785,9.793523852
11,10.58737369,9.136878892
11.58,10.81510062,9.506621858
11.92,12.68651589,11.46128791
11.17,10.40420709,8.995337684
13.92,13.15443013,12.41891262
19.3,18.91255686,19.4943605
15.41,15.04145551,14.6707723
10.76,10.17043147,8.661171415
11.92,12.68597431,11.46074633
11.92,12.68720106,11.46197308
11.92,12.7917863,11.56655832
11.17,11.93483487,10.52596546
10.33,11.36762941,9.753081612
11.24,11.33705506,9.945325525
10.84,11.60235935,10.11268772
10.09,9.324290369,7.650977311
13.58,14.34345547,13.52468717
11.43,10.66791326,9.322706214
11.25,14.37394536,12.98466437
13.33,14.0966079,13.2166258
10.09,9.325482487,7.652169428
12.47,11.70303153,10.61247393
17.46,16.78613598,16.91740599
11.1,10.33531919,8.90930992
11.42,10.65548153,9.307825928
11.09,11.73651936,10.30806154
10.42,17.3496626,15.75715176
12.66,12.0113293,10.9672942
14,13.23524534,12.51931625
19.05,19.81613633,20.33672616
11.75,9.897037143,8.630183772
11.5,11.67001922,10.34195204
11.91,22.22440757,20.99673104
12.17,13.31604806,12.15203389
12.08,12.84570196,11.65965082
15.78,16.05304006,15.77295328
10.67,9.905315697,8.374018674
12.59,12.52814569,11.46697072
12.77,13.49181101,12.47470998
10.42,9.873546382,8.281035551
18.32,19.08220518,19.4240507
11.84,12.11482862,10.87001222
11.92,12.68656483,11.46133685
10.64,10.03028985,8.491647173
10.12,10.88476773,9.218800326
10.19,9.653122247,8.004294712
12.43,12.48276425,11.38241243
15.55,15.24741735,14.91101387
10.69,11.45367681,9.927276892
12.84,13.44006245,12.44010129
19.39,18.62320961,19.22705022
10.69,10.21321729,8.686817377
11.5,12.351236,11.02316882
11.42,12.31809692,10.97044132
10.9,11.66548228,10.19050196
17.59,16.82603582,16.98913702
12.25,12.86215964,11.71773389
11.83,15.40640976,14.15914481
10.74,11.50616565,9.992008491
11.33,12.09600749,10.72631492
10.3,10.10717291,8.48527945
10.74275975,10.65621357,9.142732155
10.1598193,9.394076845,7.737859408
10.40965092,9.648238296,8.053193439
10.65948255,9.8929292,8.359056925
10.65948255,11.42455272,9.890680442
10.24309651,11.00247598,9.366649402
10.1598193,10.14711888,8.49090144
10.24309651,9.575843295,7.940016719
10.57620534,11.34270868,9.788445541
10.24309651,14.72450477,13.08867819
10.32637372,10.37091059,8.755474873
10.57620534,11.34146374,9.787200603
10.90931417,11.67574181,10.20304211
10.32637372,10.89003642,9.2746007
10.90931417,11.67374274,10.20104305
10.74275975,10.25597551,8.74249409
10.1598193,10.9264502,9.270232761
10.40965092,9.64348726,8.048442403
10.40965092,10.30678103,8.711736177
10.32637372,9.56102321,7.945587494
10.07654209,10.84235864,9.165750337
10.65948255,12.37464516,10.84077289
10.1598193,11.42917859,9.77296115
10.65948255,11.425113,9.891240721
10.24309651,9.475792395,7.839965818
10.1598193,10.92627404,9.270056598
10.90931417,10.1677548,8.695055106
10.90931417,11.90570295,10.43300326
10.74275975,9.980834238,8.46735282
10.24309651,11.00810828,9.372281705
10.24309651,10.21441165,8.578585069
10.40965092,9.643889083,8.048844226
10.1598193,10.50966571,8.853448275
10.57620534,11.32240191,9.768138774
10.49292813,11.25815644,9.683502448
10.32637372,11.08908847,9.473652756
10.07654209,10.84289014,9.166281838
10.74275975,11.50463619,9.991154769
10.90931417,10.14275246,8.670052761
10.40965092,9.648091305,8.053046448
10.1598193,10.92469395,9.268476514
10.82603696,10.0597263,8.566635742
10.74275975,10.15406526,8.64058384
10.57620534,10.60948379,9.055220651
10.57620534,11.01715238,9.462889241
10.07654209,9.311577945,7.634969647
10.74275975,9.518197721,8.004716304
10.40965092,9.64427581,8.049230952
10.40965092,10.13797277,8.542927917
10.1598193,10.92578514,9.269567704
10.90931417,11.6742129,10.20151321
10.65948255,9.894014168,8.360141893
10.32637372,10.17697397,8.561538259
10.57620534,9.814119058,8.259855921
10.90931417,10.14416269,8.671462993
10.32637372,9.560245978,7.944810262
10.07654209,10.84264451,9.166036211
10.82603696,13.70138779,12.20829723
10.74275975,9.977856902,8.464375485
10.24309651,9.478606858,7.842780282
10.24309651,10.05132648,8.415499908
10.32637372,11.09206491,9.47662919
10.24309651,9.476129902,7.840303325
10.49292813,9.727234596,8.152580599
10.57620534,11.34310668,9.788843545
10.74275975,6.953146021,5.439664604
10.49292813,14.32146681,12.74681281
10.24309651,11.00865889,9.372832311
10.49292813,10.31210885,8.73745485
10.49292813,9.726378744,8.151724747
10.40965092,11.17333344,9.57828858
10.82603696,10.06045853,8.567367975
10.82603696,10.06007586,8.566985302
10.65948255,11.42425389,9.890381616
10.99259138,11.7544745,10.30216566
10.74275975,10.76424292,9.250761503
10.82603696,10.06240579,8.569315237
10.40965092,9.647914313,8.052869455
10.90931417,10.19635795,8.723658251
10.82603696,11.5877054,10.09461484
10.1598193,9.887724106,8.231506669
10.90931417,11.6709956,10.1982959
10.07654209,10.84312066,9.166512362
10.32637372,11.0925279,9.477092181
10.82603696,10.69854222,9.205451667
10.65948255,11.42515214,9.891279861
10.90931417,11.67608295,10.20338326
10.1598193,10.92646223,9.270244791
10.82603696,10.05922831,8.56613775
10.90931417,11.672392,10.1996923
10.07654209,9.31092275,7.634314452
10.57620534,11.33822637,9.783963231
10.49292813,11.2589479,9.684293903
10.57620534,9.810168204,8.255905068
10.90931417,10.14352962,8.67082992
10.32637372,10.58305789,8.967622178
10.32637372,11.08887312,9.473437408
10.90931417,10.14474143,8.67204173
10.49292813,11.25710625,9.682452249
10.82603696,11.36077138,9.867680821
10.32637372,10.30838875,8.692953032
10.90931417,11.67296913,10.20026944
10.57620534,9.917893966,8.36363083
10.74275975,9.979533155,8.466051738
10.40965092,13.57908364,11.98403878
10.07654209,9.310321217,7.633712919
10.24309651,10.80513954,9.169312967
10.82603696,11.59062261,10.09753205
10.57620534,11.34172052,9.787457382
10.90931417,10.14467439,8.671974696
10.57620534,16.40751883,14.8532557
10.49292813,10.41126803,8.836614031
10.65948255,10.74031476,9.206442481
10.32637372,9.560290927,7.944855211
10.74275975,9.976227468,8.462746051
10.90931417,10.19843379,8.725734094
10.65948255,10.98749592,9.45362364
10.32637372,9.735382785,8.11994707
10.32637372,9.560340917,7.944905201
10.49292813,11.2583399,9.683685906
10.1598193,9.398163482,7.741946044
10.32637372,9.587130816,7.9716951
10.82603696,11.59147572,10.09838516
10.90931417,11.67573393,10.20303423
10.57620534,11.33902751,9.784764377
10.07654209,9.311705436,7.635097138
10.65948255,9.893170526,8.35929825
10.1598193,10.91126451,9.255047068
10.99259138,10.22769383,8.775384991
10.1598193,10.79747428,9.141256844
10.40965092,9.647541081,8.052496224
10.07654209,10.54929193,8.872683636
10.82603696,13.21160315,11.71851259
10.07654209,9.311476352,7.634868054
10.90931417,12.29291318,10.82021349
10.24309651,9.080541812,7.444715235
10.40965092,9.643383359,8.048338502
10.07654209,9.891646878,8.21503858
10.57620534,11.34186004,9.787596906
10.1598193,10.92606764,9.269850206
10.32637372,9.653327911,8.037892195
10.57620534,11.34011248,9.785849339
10.32637372,11.09331101,9.477875295
10.32637372,9.560270824,7.944835108
10.65948255,10.75573607,9.221863795
10.57620534,13.13756743,11.5833043
10.49292813,9.72690719,8.152253193
10.90931417,10.14275569,8.670055991
10.49292813,9.727661142,8.153007146
10.57620534,9.810308802,8.256045666
10.40965092,11.17411492,9.579070059
10.82603696,11.56825809,10.07516754
10.82603696,11.06685158,9.573761025
10.07654209,10.84049835,9.163890048
10.90931417,11.67415086,10.20145116
10.1598193,10.27511302,8.618895587
10.1598193,9.393820753,7.737603316
10.24309651,11.00779357,9.371966996
10.57620534,11.34250948,9.78824634
10.40965092,9.922555931,8.327511074
10.57620534,11.33914644,9.784883305
10.57620534,11.34112337,9.786860233
10.1598193,10.2625154,8.606297967
10.90931417,10.14367555,8.670975855
10.32637372,10.12479374,8.50935802
10.40965092,9.64740916,8.052364302
10.90931417,10.60923421,9.136534517
10.90931417,11.01561969,9.54291999
10.40965092,9.643310665,8.048265807
10.32637372,11.09223056,9.476794844
10.82603696,10.06490002,8.571809461
10.74275975,9.975823072,8.462341654
10.65948255,11.42491479,9.891042513
10.32637372,10.77699904,9.161563321
10.24309651,9.477412245,7.841585668
10.90931417,10.14436073,8.671661036
10.49292813,11.25895632,9.684302323
10.90931417,10.14311915,8.670419453
10.57620534,11.33779467,9.783531537
10.74275975,11.50906934,9.995587922
10.24309651,11.00861125,9.372784673
10.24309651,9.537157052,7.901330475
10.1598193,10.14682065,8.490603218
10.32637372,11.09129984,9.475864125
10.07654209,11.34628182,9.669673518
10.90931417,10.1425581,8.6698584
10.40965092,11.05779336,9.462748498
10.74275975,10.41143446,8.897953038
10.1598193,10.92277747,9.266560038
10.82603696,10.51325931,9.02016875
10.49292813,11.25641424,9.681760243
10.1598193,9.394684684,7.738467247
10.90931417,11.67493078,10.20223108
10.82603696,11.58847389,10.09538334
10.49292813,11.256901,9.682247
10.1598193,9.392560607,7.73634317
10.32637372,11.09243144,9.476995728
10.99259138,10.22587793,8.773569099
10.57620534,11.3414987,9.787235562
10.99259138,11.58362678,10.13131794
10.82603696,11.59168762,10.09859706
10.82603696,10.06080755,8.567716997
10.90931417,11.6749279,10.2022282
10.90931417,11.67537741,10.20267771
10.1598193,10.31225461,8.656037173
10.74275975,9.976916063,8.463434646
10.90931417,10.14414223,8.671442531
10.40965092,11.17486381,9.579818949
10.1598193,9.945153105,8.288935668
10.90931417,10.14274833,8.670048634
10.65948255,10.93236428,9.398492008
10.74275975,9.977235333,8.463753916
10.99259138,9.962081389,8.509772554
10.65948255,9.893911189,8.360038914
10.65948255,11.42545564,9.891583367
10.57620534,10.58654363,9.032280498
10.1598193,9.711192463,8.054975025
10.82603696,11.59227278,10.09918222
10.65948255,9.897367484,8.363495208
10.40965092,11.17568172,9.580636859
10.24309651,10.4129819,8.777155321
10.24309651,9.478073564,7.842246987
10.82603696,11.59266791,10.09957736
10.49292813,9.89707612,8.322422123
10.57620534,9.845916852,8.291653716
10.57620534,9.972603362,8.418340226
10.24309651,9.477689632,7.841863055
10.74275975,10.89398659,9.380505171
10.49292813,9.730324416,8.155670419
10.24309651,11.00713196,9.371305384
10.49292813,11.25633946,9.681685464
10.82603696,11.58985491,10.09676436
10.24309651,11.00569964,9.369873066
10.74275975,10.89939711,9.385915692
10.24309651,9.874646409,8.238819832
10.1598193,9.393731023,7.737513585
10.82603696,11.77404506,10.28095451
10.90931417,10.14721602,8.67451632
10.90931417,9.997819538,8.525119842
10.40965092,11.17520972,9.580164859
10.07654209,10.84153558,9.164927287
10.49292813,11.25905459,9.684400594
10.32637372,9.560607897,7.945172181
10.1598193,9.452037159,7.795819722
10.07654209,9.31466227,7.638053972
10.74275975,9.977294322,8.463812905
10.1598193,9.397981283,7.741763845
10.32637372,11.01671591,9.401280199
10.90931417,10.14503118,8.672331485
10.49292813,11.25886403,9.684210033
10.90931417,9.48065326,8.007953564
10.07654209,9.69395366,8.017345362
10.24309651,9.47760597,7.841779394
10.24309651,9.476953739,7.841127162
10.24309651,10.31772191,8.681895338
10.57620534,9.810223786,8.25596065
10.07654209,9.312215065,7.635606767
10.49292813,11.25803561,9.683381612
10.74275975,11.50890545,9.995424036
10.49292813,11.2593462,9.684692205
10.24309651,11.00481324,9.368986664
10.65948255,11.42467276,9.890800484
10.24309651,9.937654018,8.301827441
10.32637372,11.03244748,9.417011763
10.65948255,11.02884409,9.494971812
10.57620534,11.34156414,9.787301006
10.07654209,10.84119531,9.164587011
10.1598193,9.394741182,7.738523745
10.49292813,11.25847446,9.683820464
10.1598193,10.8167604,9.160542966
10.57620534,9.809398816,8.25513568
10.90931417,11.31983584,9.847136144
10.24309651,10.30604654,8.670219963
10.65948255,11.34529416,9.811421881
10.57620534,10.20035794,8.646094801
10.90931417,11.6738782,10.20117851
10.24309651,9.476793445,7.840966868
10.24309651,12.34498399,10.70915741
10.24309651,9.480986878,7.845160301
10.74275975,11.50832679,9.994845368
10.49292813,11.25771537,9.683061371
10.32637372,9.561178965,7.945743249
10.65948255,10.92103138,9.387159109
10.65948255,11.42463382,9.890761547
10.65948255,9.893483943,8.359611668
10.74275975,9.976774948,8.46329353
10.07654209,10.84206698,9.165458683
10.24309651,11.00934914,9.373522563
10.49292813,11.2583836,9.683729601
10.82603696,10.05996744,8.566876886
10.40965092,10.45042414,8.855379278
10.40965092,10.73988751,9.144842654
10.74275975,9.976416102,8.462934684
10.24309651,11.00560169,9.369775115
10.90931417,11.67428863,10.20158893
10.74275975,9.977111896,8.463630479
10.65948255,11.42437075,9.890498478
10.1598193,9.396904825,7.740687388
10.24309651,9.480832807,7.84500623
10.40965092,9.643785878,8.048741021
10.65948255,9.921468019,8.387595744
10.57620534,9.809800985,8.255537849
10.32637372,9.892803835,8.277368119
10.57620534,9.810343199,8.256080063
10.90931417,11.30751831,9.83481861
10.57620534,9.809187818,8.254924682
10.40965092,10.35727068,8.762225821
10.24309651,11.00522512,9.369398547
10.24309651,10.32253361,8.686707031
10.32637372,10.37232539,8.756889672
10.82603696,11.42492312,9.931832568
10.24309651,9.956517701,8.320691125
10.1598193,10.07307493,8.416857492
10.90931417,11.98914715,10.51644745
10.99259138,10.22699519,8.774686353
10.40965092,10.7652142,9.17016934
10.07654209,9.31498344,7.638375142
10.57620534,10.37324965,8.818986511
10.40965092,9.643142317,8.048097459
10.90931417,10.6926838,9.219984106
10.24309651,12.81964999,11.18382341
10.90931417,10.143157,8.6704573
10.65948255,9.892914358,8.359042083
10.82603696,10.80972124,9.316630679
10.57620534,9.715463297,8.161200161
10.24309651,11.00530402,9.369477448
10.32637372,11.00722191,9.391786193
10.82603696,10.35083375,8.857743195
10.90931417,11.67408485,10.20138516
10.82603696,11.34031188,9.847221322
10.32637372,9.564267818,7.948832102
10.57620534,9.810896223,8.256633087
10.99259138,11.75413849,10.30182966
10.1598193,10.45709417,8.800876732
10.07654209,10.84295915,9.166350847
10.90931417,10.65703799,9.184338294
10.90931417,10.14394067,8.671240972
10.49292813,10.98051613,9.405862129
10.57620534,11.30835322,9.754090087
10.24309651,9.507440119,7.871613542
10.32637372,10.708962,9.093526285
10.65948255,10.31543344,8.781561167
10.32637372,10.16297237,8.547536659
10.40965092,10.72264627,9.127601416
10.82603696,10.07440216,8.581311603
10.90931417,10.14292468,8.670224985
10.57620534,10.52350827,8.969245132
10.90931417,11.0937196,9.621019901
10.24309651,10.78511297,9.149286392
10.74275975,9.976590797,8.46310938
10.90931417,10.94113173,9.468432038
10.90931417,10.36624747,8.893547775
10.24309651,10.09286497,8.457038398
10.40965092,10.33096421,8.735919353
10.49292813,9.706392507,8.13173851
10.65948255,9.893848652,8.359976376
10.32637372,9.561681107,7.946245391
10.90931417,10.1474997,8.674800005
10.07654209,10.69557961,9.018971309
10.90931417,10.14379258,8.671092887
10.40965092,10.78676427,9.191719409
10.57620534,11.34097017,9.786707032
10.82603696,11.48327496,9.9901844
10.57620534,11.3412314,9.786968262
10.65948255,9.895294648,8.361422372
10.65948255,10.90051588,9.366643605
10.32637372,11.09179125,9.476355536
10.57620534,9.810561356,8.25629822
10.32637372,10.72306149,9.10762577
10.57620534,9.812946174,8.258683037
10.1598193,10.9260378,9.269820367
10.1598193,10.4884193,8.832201863
10.57620534,10.40180483,8.847541689
10.90931417,10.14301673,8.670317037
10.49292813,10.01645117,8.441797178
10.24309651,9.477755747,7.84192917
10.49292813,11.25810728,9.683453282
10.07654209,9.31522322,7.638614922
10.49292813,9.7285768,8.153922804
10.74275975,13.30974129,11.79625987
10.07654209,10.8420529,9.165444603
10.32637372,11.09299767,9.477561953
10.1598193,10.92477343,9.268555995
10.82603696,11.5923734,10.09928284
10.90931417,10.14745216,8.674752462
10.32637372,10.4563192,8.840883484
10.32637372,11.0913493,9.475913579
10.1598193,9.393428259,7.737210821
10.57620534,10.07372673,8.519463598
10.90931417,10.14350783,8.670808136
10.07654209,9.795142342,8.118534044
10.57620534,9.811593842,8.257330706
10.24309651,9.573238412,7.937411836
10.49292813,11.25816374,9.683509747
10.90931417,10.89948705,9.426787352
10.82603696,10.58511033,9.092019774
10.1598193,9.393466663,7.737249226
10.40965092,9.644490239,8.049445381
10.57620534,11.34044126,9.78617812
10.40965092,13.42699928,11.83195442
10.57620534,9.811197651,8.256934515
10.24309651,11.7849182,10.14909162
10.74275975,11.28324039,9.769758976
10.24309651,10.88924961,9.253423034
10.32637372,11.0118397,9.396403982
10.74275975,11.50812522,9.994643799
10.90931417,11.67340944,10.20070975
10.90931417,11.59177169,10.119072
10.49292813,9.726932488,8.152278491
10.1598193,10.74481591,9.088598468
10.40965092,11.17203979,9.576994931
10.40965092,9.723677385,8.128632527
10.32637372,11.09164322,9.476207504
10.82603696,10.06022858,8.567138023
10.82603696,10.0606307,8.567540147
10.24309651,10.44567416,8.809847584
10.32637372,11.08893415,9.473498431
10.82603696,10.05913131,8.566040758
10.32637372,9.943831186,8.32839547
10.1598193,10.92271552,9.266498081
10.32637372,10.19549048,8.580054762
10.40965092,9.778099089,8.183054231
10.57620534,10.2553907,8.701127565
10.32637372,11.09150141,9.476065695
10.40965092,9.643065126,8.048020268
10.24309651,10.40482883,8.769002257
10.1598193,10.92431649,9.268099055
10.99259138,10.22731067,8.775001839
10.65948255,11.42182982,9.887957542
10.40965092,9.64336794,8.048323082
10.49292813,11.00928899,9.434634998
10.74275975,9.977537621,8.464056203
10.99259138,11.75493381,10.30262498
10.07654209,10.84219694,9.165588644
10.90931417,10.14308878,8.670389086
10.90931417,11.0852009,9.612501204
10.49292813,9.726872724,8.152218728
10.74275975,13.19426289,11.68078147
10.90931417,13.19862515,11.72592545
10.07654209,9.818746513,8.142138215
10.24309651,9.476305086,7.840478509
10.24309651,10.16736497,8.531538389
10.65948255,10.98834246,9.454470189
10.32637372,11.09309864,9.477662925
10.32637372,9.559769834,7.944334118
10.32637372,9.928939926,8.31350421
10.74275975,11.50852442,9.995042998
10.99259138,10.22594498,8.77363614
10.49292813,11.25878704,9.684133048
10.65948255,9.893408216,8.35953594
10.65948255,10.87705126,9.343178986
10.74275975,11.22097588,9.707494462
10.90931417,10.14271296,8.670013262
10.24309651,9.476728913,7.840902337
10.57620534,9.810672302,8.256409165
10.65948255,9.893808611,8.359936336
10.74275975,11.50812117,9.994639748
10.74275975,10.67507131,9.161589894
10.32637372,9.56347348,7.948037764
10.40965092,9.6480392,8.052994343
10.82603696,10.11662245,8.623531897
10.07654209,9.742232338,8.06562404
10.24309651,11.00586459,9.370038018
10.90931417,11.33503458,9.862334886
10.49292813,10.95919154,9.38453754
10.57620534,10.54386188,8.989598746
10.07654209,10.16524186,8.488633561
10.49292813,9.725971717,8.15131772
10.1598193,10.92513266,9.268915226
10.99259138,10.22643219,8.774123356
10.99259138,11.75771167,10.30540284
10.32637372,9.917375733,8.301940017
10.90931417,10.14390084,8.671201143
10.07654209,10.84260953,9.166001235
10.1598193,9.397819742,7.741602304
10.90931417,11.01415251,9.541452811
10.74275975,10.61054524,9.097063818
10.82603696,11.59229877,10.09920821
10.1598193,10.77894083,9.12272339
10.90931417,11.6735452,10.2008455
10.57620534,11.34243699,9.788173849
10.07654209,9.989915122,8.313306824
10.57620534,9.809350053,8.255086916
10.65948255,11.42500393,9.891131653
10.24309651,9.476287787,7.840461211
10.82603696,10.06045876,8.567368208
10.24309651,9.47766032,7.841833743
10.07654209,10.82155196,9.144943665
10.24309651,12.38713329,10.75130671
10.32637372,10.74606694,9.130631223
10.65948255,11.42446069,9.890588412
10.74275975,9.980183654,8.466702237
10.40965092,9.643560123,8.048515266
10.49292813,10.60162467,9.026970676
10.65948255,11.04715412,9.513281844
10.49292813,10.75355876,9.178904768
10.74275975,9.039674929,7.526193512
10.40965092,9.755742863,8.160698006
10.32637372,9.564143453,7.948707737
10.32637372,10.16983835,8.554402632
10.07654209,10.84171392,9.165105625
10.1598193,10.00484471,8.348627277
10.07654209,10.2103952,8.533786904
10.90931417,11.67141433,10.19871463
10.65948255,9.892670997,8.358798721
10.90931417,10.14241972,8.669720027
10.40965092,10.22701141,8.631966553
10.82603696,10.92186656,9.428776004
10.24309651,12.14371273,10.50788615
10.65948255,11.42286438,9.888992103
10.74275975,19.17944787,17.66596645
10.32637372,9.673552981,8.058117265
10.07654209,10.84320352,9.166595225
10.82603696,10.34417492,8.851084361
10.49292813,9.726478913,8.151824916
10.90931417,10.14417207,8.671472371
10.32637372,9.561724899,7.946289184
10.49292813,11.25624057,9.681586578
10.24309651,9.476736987,7.84091041
10.07654209,10.84152449,9.164916194
10.57620534,10.24043067,8.686167535
10.74275975,9.976647101,8.463165683
10.07654209,10.84265276,9.166044461
10.40965092,11.17605414,9.581009282
10.1598193,9.575275406,7.919057969
10.07654209,9.310689255,7.634080957
10.90931417,9.574454533,8.101754838
10.74275975,9.977849506,8.464368089
10.40965092,11.16329107,9.568246208
10.32637372,11.09226989,9.476834179
10.07654209,10.84160723,9.164998934
10.32637372,10.14193862,8.526502906
10.24309651,10.91734866,9.281522081
10.40965092,9.812084432,8.217039574
10.90931417,11.67160647,10.19890678
10.65948255,10.3197005,8.785828228
10.74275975,10.90293657,9.389455151
10.40965092,9.642982152,8.047937295
10.82603696,10.05952118,8.566430628
10.40965092,11.17626335,9.58121849
10.74275975,10.15705997,8.643578552
10.1598193,10.92525872,9.269041287
10.24309651,10.0883727,8.452546122
10.07654209,9.403120924,7.726512626
10.82603696,10.06032991,8.567239353
10.90931417,11.31863339,9.845933696
10.24309651,11.0095817,9.373755125
10.24309651,11.00848237,9.372655793
10.49292813,9.727312385,8.152658388
10.1598193,10.41421199,8.757994549
10.90931417,11.6754732,10.2027735
10.1598193,10.92608537,9.269867928
10.32637372,9.784630179,8.169194463
10.65948255,10.97618589,9.442313618
10.90931417,11.67386659,10.2011669
10.40965092,11.17452439,9.579479535
10.90931417,10.35509583,8.882396137
10.32637372,9.560968945,7.945533229
10.24309651,11.7763034,10.14047682
10.74275975,11.50500694,9.991525522
10.90931417,10.14611489,8.673415195
10.32637372,11.08770074,9.472265021
10.49292813,9.726837603,8.152183606
10.90931417,13.91171004,12.43901034
10.24309651,10.77758932,9.141762742
10.24309651,11.0046605,9.368833927
10.1598193,10.9258143,9.269596864
10.24309651,17.19169513,15.55586855
10.57620534,11.34176538,9.787502247
10.40965092,9.644254394,8.049209537
10.82603696,10.13470572,8.641615159
10.90931417,11.12915593,9.656456237
10.90931417,10.14236873,8.669669033
10.24309651,9.476385673,7.840559096
10.32637372,9.559577462,7.944141746
10.1598193,10.28873612,8.632518681
10.57620534,9.810573941,8.256310805
10.57620534,11.34214908,9.787885947
10.57620534,11.34286757,9.78860443
10.65948255,10.35752081,8.82364853
10.90931417,10.14217714,8.669477442
10.32637372,10.66812271,9.052686997
10.07654209,10.84223881,9.165630514
10.40965092,9.643983367,8.048938509
10.82603696,11.59159946,10.09850891
10.74275975,11.5090209,9.995539481
10.24309651,11.74345067,10.10762409
10.65948255,10.67127992,9.137407644
10.32637372,10.47976566,8.864329944
10.82603696,10.0609312,8.567840647
10.49292813,11.25981733,9.685163328
10.82603696,10.34997592,8.856885361
10.24309651,9.477225252,7.841398675
10.1598193,10.92603728,9.269819838
10.40965092,11.17688581,9.581840947
10.1598193,9.395907004,7.739689566
10.32637372,10.42724483,8.811809112
10.82603696,10.06030205,8.567211495
10.74275975,10.51403718,9.000555767
10.74275975,15.31884174,13.80536032
10.57620534,9.810855194,8.256592058
10.57620534,11.33997025,9.785707117
10.1598193,9.395487651,7.739270214
10.57620534,9.81057041,8.256307274
10.07654209,9.310430136,7.633821838
10.07654209,10.84170691,9.165098613
10.07654209,9.314075703,7.637467405
10.49292813,11.25905279,9.684398791
10.82603696,11.19794802,9.704857463
10.74275975,9.978016164,8.464534746
10.57620534,11.12852021,9.574257072
10.90931417,10.14350062,8.670800921
10.1598193,10.92597139,9.269753958
10.90931417,11.67672586,10.20402616
10.57620534,8.474065538,6.919802402
10.74275975,10.5991598,9.085678387
10.07654209,9.398621596,7.722013298
10.90931417,10.14285834,8.670158648
10.74275975,11.50785021,9.994368796
10.74275975,11.50924115,9.995759733
10.40965092,11.09874335,9.503698491
10.40965092,10.22160643,8.626561573
10.40965092,12.78981025,11.19476539
10.07654209,10.84116983,9.164561528
10.24309651,10.38428828,8.748461703
10.32637372,10.7658683,9.150432588
10.40965092,11.17541047,9.580365608
10.90931417,11.45612497,9.983425275
10.99259138,10.22687909,8.774570257
10.24309651,11.00905668,9.373230107
10.40965092,10.4404299,8.84538504
10.82603696,10.3726187,8.879528142
10.57620534,11.34351961,9.789256472
10.65948255,9.893314482,8.359442207
10.40965092,9.690902581,8.095857723
10.90931417,10.91155846,9.438858764
10.99259138,14.22279318,12.77048434
10.49292813,11.25897469,9.68432069
10.24309651,9.476656252,7.840829676
10.32637372,11.09231661,9.476880892
10.49292813,9.727357343,8.152703347
10.49292813,11.59781251,10.02315851
10.1598193,9.392804093,7.736586656
10.82603696,11.59014422,10.09705366
10.65948255,11.42453462,9.890662343
10.90931417,12.50997699,11.0372773
10.82603696,10.68233259,9.189242031
10.40965092,11.17388381,9.578838957
10.07654209,9.311591921,7.634983623
10.74275975,10.03221867,8.518737249
10.1598193,9.395959933,7.739742495
10.49292813,11.25872711,9.684073113
10.90931417,11.67483186,10.20213217
10.90931417,11.67459323,10.20189354
10.49292813,11.2566439,9.681989901
10.07654209,9.312996161,7.636387863
10.74275975,11.50471067,9.991229257
10.07654209,9.311358143,7.634749845
10.90931417,10.53624095,9.063541251
10.07654209,10.83764052,9.161032223
10.57620534,9.836834214,8.282571078
10.99259138,10.22651925,8.77421041
10.65948255,11.42502278,9.891150503
10.90931417,10.14421883,8.671519137
10.90931417,11.29526317,9.82256347
10.90931417,10.14724609,8.674546392
10.90931417,10.1430777,8.670378001
10.57620534,11.34292326,9.788660122
10.90931417,11.67526054,10.20256084
10.90931417,10.14568042,8.672980727
10.90931417,10.32087067,8.84817097
10.07654209,9.752468968,8.07586067
10.07654209,9.31059161,7.633983312
10.90931417,10.14391572,8.671216025
10.90931417,10.14463632,8.671936623
10.07654209,10.3134878,8.636879503
10.65948255,9.894879879,8.361007603
10.57620534,9.810688393,8.256425257
10.49292813,9.918401817,8.34374782
10.82603696,11.59025022,10.09715966
10.57620534,11.33841288,9.784149748
10.57620534,11.34175524,9.787492099
10.07654209,10.55287269,8.876264391
10.32637372,9.690195842,8.074760126
10.90931417,10.14341802,8.670718324
10.24309651,9.477074338,7.841247761
10.74275975,12.32792579,10.81444438
10.82603696,11.59122244,10.09813188
10.40965092,11.17528105,9.580236195
10.49292813,9.727485759,8.152831762
10.74275975,9.976626878,8.463145461
10.82603696,10.05975376,8.566663201
10.24309651,11.00832512,9.372498546
10.40965092,9.643238744,8.048193886
10.90931417,10.14289047,8.670190777
10.65948255,10.66285481,9.128982539
10.57620534,10.68340401,9.129140875
10.74275975,11.04185832,9.528376904
10.90931417,11.67062565,10.19792595
10.74275975,11.5083609,9.994879488
10.90931417,11.10600043,9.633300733
10.57620534,9.814441723,8.260178587
10.49292813,9.727932395,8.153278398
10.07654209,10.83837155,9.161763256
10.65948255,9.894333523,8.360461247
10.40965092,10.60928237,9.014237516
10.57620534,11.34125473,9.786991592
10.32637372,9.561228535,7.945792819
10.07654209,10.84160374,9.164995445
10.49292813,9.840341363,8.265687366
10.24309651,11.00914259,9.373316015
10.24309651,10.2312522,8.595425622
10.65948255,9.8940482,8.360175924
10.99259138,10.22798888,8.775680043
10.82603696,10.05947971,8.566389155
10.40965092,11.17676044,9.581715586
10.90931417,11.67633378,10.20363409
10.74275975,9.977659359,8.464177942
10.07654209,10.84108134,9.164473045
10.65948255,11.4248491,9.890976822
10.99259138,10.93105359,9.478744754
10.90931417,10.2315655,8.758865807
10.32637372,9.731143881,8.115708165
10.82603696,10.33229673,8.839206175
10.65948255,10.44996893,8.916096651
10.40965092,11.34390607,9.748861212
10.57620534,9.810345303,8.256082167
10.07654209,10.04802349,8.37141519
10.74275975,11.50789478,9.994413362
10.24309651,9.931219221,8.295392645
10.74275975,10.10596829,8.592486872
10.90931417,10.14325408,8.670554385
10.49292813,10.37015316,8.795499158
10.24309651,8.945392463,7.309565886
10.57620534,11.33975949,9.785496354
10.90931417,11.67448709,10.20178739
10.90931417,12.56102225,11.08832256
10.74275975,9.978434523,8.464953106
10.32637372,11.09343897,9.478003256
10.57620534,9.810845673,8.256582537
10.90931417,10.14216176,8.669462068
10.24309651,9.478162183,7.842335606
10.07654209,10.84189539,9.165287094
10.40965092,9.647975386,8.052930528
10.90931417,10.14605684,8.673357147
10.82603696,10.06110358,8.568013023
10.32637372,9.700361427,8.084925711
10.65948255,9.89403635,8.360164075
10.49292813,11.25893428,9.684280287
10.65948255,10.28205403,8.748181755
10.07654209,9.567016126,7.890407828
10.24309651,9.476015295,7.840188718
10.32637372,9.560641765,7.945206049
10.65948255,10.74742676,9.213554483
10.90931417,11.6743198,10.2016201
10.82603696,11.59243811,10.09934755
10.82603696,11.589419,10.09632844
10.07654209,11.71872474,10.04211645
10.90931417,11.26715848,9.794458788
10.07654209,9.30953833,7.632930032
10.57620534,11.00441734,9.450154207
10.99259138,10.91702122,9.464712385
10.32637372,10.96596241,9.350526693
10.24309651,11.00886633,9.373039753
10.40965092,10.48623978,8.891194926
10.57620534,10.67706747,9.12280433
10.90931417,11.67460077,10.20190107
10.1598193,9.456037445,7.799820007
10.90931417,13.43281474,11.96011505
10.57620534,10.0262851,8.472021969
10.57620534,10.39791607,8.843652935
10.90931417,10.14389747,8.671197774
10.65948255,10.39543945,8.861567175
10.49292813,9.72699649,8.152342493
10.57620534,11.34167705,9.787413911
10.65948255,10.65578237,9.12191009
10.99259138,11.75882806,10.30651922
10.90931417,10.14344034,8.670740642
10.1598193,9.494043623,7.837826185
10.32637372,9.56109883,7.945663114
10.74275975,9.975459794,8.461978377
10.82603696,10.21278757,8.719697015
10.82603696,10.06023662,8.567146062
10.07654209,10.84168407,9.165075771
10.40965092,11.17380007,9.578755214
10.90931417,11.04599749,9.57329779
10.1598193,9.394588395,7.738370958
10.07654209,10.2954207,8.618812402
10.57620534,9.809288107,8.255024971
10.82603696,11.81417006,10.32107951
10.90931417,11.08595097,9.613251273
10.65948255,11.52189652,9.988024243
10.90931417,11.87585141,10.40315171
10.24309651,9.480599994,7.844773417
10.74275975,9.976820413,8.463338996
10.82603696,11.59210818,10.09901763
10.74275975,10.10908833,8.595606916
10.57620534,11.21204754,9.657784407
10.1598193,10.9212654,9.265047966
10.40965092,10.84605461,9.251009751
10.90931417,11.67564977,10.20295007
10.24309651,10.41096145,8.775134878
10.49292813,10.38987377,8.815219774
10.24309651,11.00906853,9.373241958
10.40965092,11.17540169,9.58035683
10.74275975,11.5043599,9.990878487
10.82603696,11.05581749,9.562726931
10.49292813,9.731390817,8.15673682
10.49292813,9.729701684,8.155047687
10.74275975,11.12311202,9.609630599
10.65948255,11.42140469,9.887532415
10.90931417,10.14400983,8.671310131
10.40965092,10.96733086,9.372286003
10.07654209,10.84257902,9.165970718
10.49292813,10.53722926,8.962575265
10.1598193,10.92415626,9.267938821
10.74275975,11.5037485,9.99026708
10.32637372,11.09026485,9.47482913
10.90931417,10.14567986,8.672980165
10.49292813,11.25745106,9.682797065
10.49292813,9.72693029,8.152276293
10.40965092,11.17508836,9.580043499
10.82603696,10.38919416,8.896103601
10.24309651,9.712158414,8.076331837
10.32637372,9.922374553,8.306938837
10.90931417,11.77537237,10.30267268
11,10.23340234,8.782907548
15,15.76531663,15.29424277
19,18.23481033,18.74315741
20,19.23458052,19.98778283
18,18.76515556,19.0286474
18,17.23689907,17.50039091
18,18.76557847,19.02907031
20,20.89712539,21.6503277
15,16.75402839,16.28295453
11,10.23380642,8.78331162
16,15.90755591,15.68133728
11,11.7622345,10.3117397
11,11.76678655,10.31629175
11,11.76705863,10.31656383
18,17.2345202,17.49801204
11,10.54449345,9.093998649
18,18.7651957,19.02868754
18,20.47221803,20.73570987
13,13.76470418,12.80391985
16,16.76578736,16.53956873
15,15.63253911,15.16146525
16,16.76677534,16.54055672
19,18.23276583,18.74111291
14,17.07885097,16.36292188
16,16.7668935,16.54067488
18,17.23434634,17.49783818
18,18.7631346,19.02662644
18,21.01292388,21.27641572
18,17.23781026,17.5013021
18,18.7654407,19.02893254
20,20.76514258,21.51834488
17,17.76223912,17.78087572
15,15.76656562,15.29549176
15,15.76551899,15.29444513
11,11.39925675,9.948761955
11,11.7650534,10.3145586
12,14.36846851,13.16282895
12,11.23604345,10.03040389
16,16.76579111,16.53957249
16,16.76537163,16.539153
13,12.23397702,11.27319269
20,19.23450152,19.98770382
18.34,19.10567366,19.45241627
13.58,14.34268483,13.52391653
15.92,16.44187326,16.19606621
17.58,18.34309604,18.50374868
19.88,19.11635556,19.84017524
14.91,15.56462187,15.07151103
16.67,17.43589752,17.3737319
13.41,14.17098117,13.31058749
17.42,18.41005628,18.53153208
18,18.64131384,18.90480567
14.92,15.68182369,15.19116141
15,15.76351614,15.29244228
15.56,16.32192697,15.98797204
20,20.76661287,21.51981518
20,20.76321637,21.51641867
19,18.23377038,18.74211745
20,20.76514574,21.51834804
20,20.76232003,21.51552233
19,19.76732088,20.27566796
19,18.74609307,19.25444014
19,18.23384416,18.74219123
18,17.23527183,17.49876367
20,20.76679786,21.52000017
18,18.76692958,19.03042141
20,20.76362854,21.51683085
19,18.40563828,18.91398535
20,20.76649818,21.51970048
19,21.30550826,21.81385533
19,23.18325057,23.69159764
20,19.460044,20.2132463
20,19.23825417,19.99145648
19,18.19095268,18.69929976
18,18.57479669,18.83828853
20,18.96291136,19.71611366
20,20.7665097,21.519712
20,20.76684022,21.52004252
20,20.76744024,21.52064254
20,20.80496812,21.55817043
20,20.76755197,21.52075428
19,18.23447265,18.74281972
20,20.76559906,21.51880136
19,20.02373072,20.53207779
19,18.23471972,18.74306679
20,20.76687203,21.52007433
19,21.55906699,22.06741406
18,18.76179303,19.02528486
20,20.86274779,21.61595009
18,18.76620439,19.02969623
20,20.01212539,20.7653277
19,19.76580848,20.27415555
20,20.76618832,21.51939062
20,20.87560984,21.62881214
19,19.76670553,20.2750526
18,18.76349107,19.02698291
19,19.76477945,20.27312652
20,19.23499111,19.98819342
20,23.68868627,24.44188858
19,19.76535475,20.27370182
20,20.7670998,21.5203021
20,20.21518695,20.96838926
18,17.23379545,17.49728729
20,19.2333873,19.9865896
19,18.98197581,19.49032289
20,20.76589178,21.51909408
19,18.80082674,19.30917381
20,19.23404827,19.98725058
20,20.76602654,21.51922884
20,20.76623795,21.51944025
18,18.76578575,19.02927758
20,20.76567756,21.51887987
19,20.60613773,21.1144848
19,20.43152118,20.93986826
20,18.43131413,19.18451644
19,19.76433653,20.2726836
19,19.76596232,20.27430939
20,20.76644014,21.51964245
20,20.76113189,21.51433419
18,17.23465035,17.49814219
20,20.76187976,21.51508207
18,18.93323447,19.19672631
19,19.76659461,20.27494168
20,20.76204504,21.51524735
18,18.76315858,19.02665042
19,18.38605762,18.89440469
20,20.76668985,21.51989216
20,21.10781239,21.8610147
20,19.84423816,20.59744047
18,18.76457081,19.02806265
20,20.76497099,21.51817329
19,18.3110823,18.81942938
20,19.2373322,19.9905345
20,20.67749765,21.43069996
20,19.23639097,19.98959328
20,19.23357211,19.98677442
22,24.64884545,25.89175822
29,29.76487623,32.72177563
28,27.23570358,29.94774776
22,24.2959377,25.53885047
29,29.76596874,32.72286814
26,25.23418994,27.45652365
22,23.25560745,24.49852022
26,25.23464207,27.45697578
27,27.76571033,30.23289927
22,22.76419867,24.00711145
23,22.23305882,23.72082682
28,27.23344264,29.94548682
23,23.76525767,25.25302568
30,29.23355671,32.43531136
23,22.2369206,23.7246886
30,29.23429715,32.43605179
30,29.23805549,32.43981014
23,23.7669029,25.2546709
26,25.23479164,27.45712535
21,21.76327507,22.76133261
28,27.97394292,30.68598709
24,23.71272267,25.44534591
24,22.25454159,23.98716483
23,23.48582475,24.97359275
27,26.23397105,28.70115999
27,26.23564927,28.70283821
24,24.76631218,26.49893542
26,22.99493622,25.21726993
21,20.2352479,21.23330544
24,24.7656413,26.49826454
22,23.73769022,24.98060299
23,22.39289004,23.88065805
30,29.23558493,32.43733957
23,21.72099801,23.20876602
26,24.80076751,27.02310121
21,21.76466694,22.76272448
30,27.0478662,30.24962084
21,20.23723744,21.23529498
22,21.2343792,22.47729197
21,20.63085233,21.62890987
22,22.76638814,24.00930091
22,21.23319031,22.47610308
21,21.76581144,22.76386898
23,22.23672862,23.72449663
21,20.23390469,21.23196223
30,26.10209974,29.30385438
25,24.23456513,26.2120436
21,20.23448594,21.23254348
26,25.23378432,27.45611802
25,24.23335582,26.21083429
22,21.23355551,22.47646828
21,20.23638924,21.23444678
21,21.76287736,22.7609349
25,24.23493855,26.21241702
23,20.67366125,22.16142926
29,26.1889055,29.14580491
21,21.76616151,22.76421905
22,21.23675624,22.47966901
21,21.76537658,22.76343412
24,23.2330494,24.96567264
27,26.2368355,28.70402444
21,21.52011645,22.51817399
24,23.23446992,24.96709316
22,21.37970578,22.62261855
23,22.2349757,23.72274371
21,21.7659286,22.76398614
22,21.23792999,22.48084277
25,24.23426222,26.2117407
26,24.45320268,26.67553639
21,21.76491658,22.76297412
27,26.13257689,28.59976583
25,24.23368949,26.21116797
22,22.75512815,23.99804092
21,21.76590059,22.76395813
25,24.23357077,26.21104925
23,22.23433154,23.72209955
21,20.23308058,21.23113812
22,21.23533907,22.47825184
23,22.23417479,23.7219428
21,20.74240226,21.7404598
21,20.23404112,21.23209866
22,22.50868088,23.75159365
22,21.23765346,22.48056624
21,20.2342979,21.23235543
24,23.23542125,24.96804449
30,29.23479496,32.4365496
22,21.23477762,22.4776904
22,21.58385957,22.82677234
26,24.41554268,26.63787639
21,21.13507933,22.13313687
21,20.90702975,21.90508729
21,20.23423973,21.23229727
25,24.66747429,26.64495276
22,22.65706573,23.89997851
26,25.23657218,27.45890589
21,20.64513447,21.64319201
22,20.42236177,21.66527454
27,26.23396719,28.70115613
25,24.23302302,26.21050149
23,22.2333044,23.72107241
21,21.36626178,22.36431932
23,21.21483917,22.70260718
22,22.7634263,24.00633908
23,22.23502844,23.72279645
21,21.76669819,22.76475573
23,21.50409583,22.99186383
26,24.93416066,27.15649437
23,22.23463212,23.72240013
26,25.23494839,27.4572821
22,21.63894981,22.88186258
26,23.51462461,25.73695832
21,21.76490317,22.76296071
21,21.49951077,22.49756831
21,20.43350581,21.43156335
26,25.23438815,27.45672186
23,22.7096131,24.19738111
22,22.20329981,23.44621259
28,24.52222163,27.2342658
27,26.23430826,28.7014972
26,25.23510512,27.45743883
21,20.65025426,21.6483118
24,23.23524221,24.96786545
23,22.85173447,24.33950247
25,24.18410895,26.16158742
23,22.23449903,23.72226704
25,24.23504549,26.21252397
25,24.23346443,26.2109429
22,25.61356134,26.85647412
23,22.54736116,24.03512916
21,21.76235092,22.76040846
22,22.70210046,23.94501323
22,21.23386152,22.4767743
27,24.85223235,27.31942129
22,21.2355631,22.47847588
24,23.2385948,24.97121804
23,21.86808807,23.35585608
21,21.09028968,22.08834722
28,26.41386135,29.12590552
21,20.86061894,21.85867648
23,22.23365216,23.72142017
23,22.23409011,23.72185811
21,21.76630867,22.76436621
21,20.23480084,21.23285838
27,25.51006055,27.9772495
26,24.232004,26.45433771
23,22.23438016,23.72214817
21,21.47836913,22.47642667
26,25.23318833,27.45552204
21,20.5622662,21.56032374
22,22.56055485,23.80346762
21,21.76356914,22.76162668
22,21.23757693,22.48048971
21,20.2338641,21.23192164
23,22.23467998,23.72244799
21,21.48740292,22.48546045
24,23.23423301,24.96685625
21,20.23407899,21.23213653
21,20.43170609,21.42976363
22,22.76604951,24.00896229
21,20.23498779,21.23304533
21,20.23352537,21.23158291
21,20.23874005,21.23679759
24,23.23443225,24.96705549
24,23.23707257,24.96969581
22,22.76538012,24.00829289
21,21.76638618,22.76444372
22,21.23330163,22.47621441
22,22.76601587,24.00892864
24,24.76580708,26.49843032
22,23.91360458,25.15651736
22,21.2344374,22.47735017
21,21.42644035,22.42449789
21,20.86806128,21.86611882
21,21.40071428,22.39877182
22,21.40815075,22.65106352
21,20.23408399,21.23214153
23,23.76540913,25.25317713
21,20.36004889,21.35810643
22,20.96911237,22.21202514
22,21.75539302,22.99830579
27,26.23785683,28.70504577
28,26.84708041,29.55912459
21,20.69238382,21.69044136
23,22.57288993,24.06065794
28,27.23562965,29.94767383
26,25.23461964,27.45695335
26,25.2335311,27.4558648
30,23.40992058,26.61167522
28,27.23466006,29.94670423
29,28.23413042,31.19102982
21,21.76506433,22.76312187
23,23.63295588,25.12072389
24,23.23387674,24.96649998
23,22.2347372,23.7225052
21,20.239618,21.23767554
21,21.76614893,22.76420647
25,24.23360704,26.21108551
24,21.66910112,23.40172436
22,26.93411258,28.17702536
28,27.23488188,29.94692606
21,21.76602472,22.76408226
22,22.16879557,23.41170834
21,21.51865791,22.51671545
22,21.23720674,22.48011951
21,20.23502499,21.23308253
26,25.23858074,27.46091445
25,24.23802079,26.21549926
23,22.10867076,23.59643877
21,20.96149971,21.95955725
25,23.48774521,25.46522369
21,20.23296187,21.23101941
21,23.0777176,24.07577513
21,20.23849304,21.23655058
21,19.86213368,20.86019122
25,24.23440391,26.21188239
21,20.2352122,21.23326974
26,23.87396605,26.09629975
23,22.23372223,23.72149024
22,22.7667444,24.00965717
22,21.23392674,22.47683951
25,25.31687258,27.29435106
22,21.23419768,22.47711045
22,22.76716332,24.01007609
21,20.23475909,21.23281663
29,24.97608612,27.93298552
22,22.76598584,24.00889861
27,26.23493166,28.7021206
29,28.23368951,31.19058891
21,20.2338512,21.23190874
27,26.23638964,28.70357858
21,20.67097994,21.66903748
21,21.76531633,22.76337386
22,22.66706174,23.90997451
22,22.76562444,24.00853722
27,26.23488363,28.70207257
21,21.76639954,22.76445708
21,21.76193788,22.75999542
24,23.23415351,24.96677675
22,22.76449107,24.00740384
26,23.75094458,25.97327828
24,23.23296246,24.9655857
23,22.23372883,23.72149684
23,23.23233934,24.72010735
21,21.76494185,22.76299939
25,24.31973152,26.29720999
26,25.23493361,27.45726731
27,26.23375805,28.70094699
21,20.23786183,21.23591937
25,24.2341882,26.21166668
26,24.707245,26.92957871
23,21.20935825,22.69712626
21,20.23749588,21.23555342
25,25.76529659,27.74277506
21,20.23483821,21.23289575
23,23.76515622,25.25292423
26,25.23424928,27.45658299
21,21.76660658,22.76466412
21,21.76607756,22.7641351
28,22.75529287,25.46733704
26,25.23499849,27.4573322
21,21.76464826,22.7627058
24,24.65372124,26.38634448
21,21.76578256,22.7638401
23,23.76526807,25.25303608
23,22.54676107,24.03452908
23,22.23501845,23.72278646
22,21.2389118,22.48182457
25,24.2342039,26.21168238
21,20.23598242,21.23403996
25,24.23281893,26.2102974
21,20.79709568,21.79515322
21,21.76637401,22.76443155
25,21.6397178,23.61719627
21,21.76506525,22.76312279
21,20.23513502,21.23319256
23,22.46210605,23.94987406
22,21.60183436,22.84474713
24,24.76584021,26.49846345
22,22.02065745,23.26357022
21,20.23413983,21.23219737
29,28.03660062,30.99350002
23,21.93124356,23.41901157
21,20.23496791,21.23302545
24,23.23413173,24.96675497
21,21.76602119,22.76407873
27,24.89088359,27.35807253
28,21.63124438,24.34328855
23,21.35731113,22.84507913
24,23.23245685,24.96508009
27,26.66253018,29.12971912
22,21.23530232,22.47821509
21,21.76629473,22.76435227
24,22.7658537,24.49847694
24,23.23528382,24.96790706
21,21.76525201,22.76330955
21,21.7654097,22.76346724
25,24.24254128,26.22001976
21,19.12322232,20.12127986
24,23.2388163,24.97143954
23,23.1287179,24.61648591
30,24.07047656,27.2722312
22,21.99149623,23.234409
22,21.2334548,22.47636757
21,20.50267157,21.50072911
22,21.23475319,22.47766597
22,20.46335786,21.70627063
30,23.41791046,26.6196651
21,20.23458963,21.23264717
23,23.76728502,25.25505303
23,22.23403117,23.72179918
24,23.23371564,24.96633888
21,21.76360629,22.76166383
21,21.76468927,22.76274681
21,21.25689826,22.2549558
21,20.23576624,21.23382378
26,25.23776569,27.4600994
21,21.17710368,22.17516122
24,24.76643034,26.49905358
24,23.23545763,24.96808087
28,27.23452581,29.94656998
24,23.50680845,25.23943169
22,22.15820089,23.40111367
22,21.6889401,22.93185287
22,16.05912972,17.30204249
22,20.54214705,21.78505982
22,21.23449687,22.47740964
30,29.2348502,32.43660484
26,25.37039669,27.5927304
21,21.00894466,22.0070022
21,20.23390985,21.23196739
23,22.23475177,23.72251978
25,24.23535442,26.21283289
22,22.29843412,23.54134689
23,22.23384555,23.72161356
22,22.76637854,24.00929131
24,23.23338464,24.96600788
26,23.5927418,25.81507551
23,22.23575686,23.72352487
21,20.23335887,21.2314164
22,21.23496212,22.47787489
21,20.23492932,21.23298686
21,21.76327114,22.76132868
24,23.23348574,24.96610898
21,21.7662119,22.76426944
27,26.2331842,28.70037314
23,23.13312771,24.62089572
28,27.23479142,29.94683559
22,22.37024731,23.61316008
21,23.81806037,24.81611791
21,20.87363076,21.8716883
24,23.23473252,24.96735576
24,23.2331686,24.96579184
22,20.38345553,21.6263683
22,22.76582606,24.00873883
22,22.23253783,23.4754506
21,20.86811079,21.86616833
30,29.23562842,32.43738306
22,22.76569288,24.00860565
25,24.23434358,26.21182206
21,20.30328559,21.30134313
22,21.23348294,22.47639571
22,19.86418368,21.10709645
21,21.76714096,22.76519849
23,23.76169684,25.24946485
24,23.23443516,24.9670584
22,21.2351823,22.47809507
21,21.76626013,22.76431767
21,21.76507123,22.76312877
22,21.23523901,22.47815178
23,22.55816585,24.04593386
21,20.23435413,21.23241167
29,27.7203072,30.67720661
21,20.23448335,21.23254089
21,23.29223139,24.29028893
28,27.23702073,29.9490649
22,22.7664762,24.00938898
21,21.12352575,22.12158329
23,22.23409109,23.7218591
24,26.75601968,28.48864292
23,22.23341201,23.72118002
25,25.81242842,27.78990689
22,21.72891658,22.97182935
21,20.23740699,21.23546453
22,22.76665919,24.00957196
22,21.65050402,22.89341679
24,23.2347253,24.96734854
21,21.76636217,22.76441971
21,21.76555879,22.76361633
28,24.81638433,27.5284285
21,19.65238064,20.65043818
21,21.76684686,22.7649044
21,21.7625584,22.76061594
22,22.76088965,24.00380242
30,28.08580912,31.28756376
23,23.69693453,25.18470254
21,20.23407604,21.23213358
23,23.76533674,25.25310475
21,21.76524148,22.76329902
23,22.23410324,23.72187125
22,21.55322823,22.79614101
23,23.76597824,25.25374624
24,23.41069532,25.14331856
23,22.23499768,23.72276569
23,26.3044585,27.7922265
23,23.76218776,25.24995577
25,24.23398133,26.2114598
23,22.23397632,23.72174432
23,22.79991017,24.28767817
21,21.76558327,22.76364081
22,21.2340853,22.47699807
22,21.23421554,22.47712832
23,22.23473488,23.72250289
29,28.2367839,31.19368331
21,21.11949896,22.1175565
21,22.21138573,23.20944327
26,25.23538475,27.45771846
24,23.23336118,24.96598442
23,22.23427754,23.72204554
22,21.51697299,22.75988576
22,22.76498497,24.00789775
26,26.76456402,28.98689773
30,25.37574099,28.57749564
28,28.09974741,30.81179158
22,22.76561982,24.0085326
25,24.23360635,26.21108482
28,27.75753216,30.46957633
22,21.23773018,22.48064295
21,21.36437488,22.36243242
22,22.76500846,24.00792124
21,21.76479092,22.76284846
28,29.28673238,31.99877656
28,27.23392829,29.94597247
28.13,27.39828288,30.14215824
28.57,27.80644651,30.65805816
28.28,27.5128207,30.29342434
24.19,24.60307774,26.38222347
23.07,23.83213604,25.33704392
24.68,23.91424187,25.81336666
22.38,23.14077178,24.47672954
25.54,31.22222161,33.33192191
23.67,23.19369484,24.84551586
26.86,27.62161238,30.05452159
22.01,21.24413902,22.48950034
21.52,25.76611364,26.8914959
25.09,24.51048074,26.50999618
20.95,21.71538449,22.70119927
24.34,24.49648494,26.31235895
22.29,23.05252072,24.36644151
23.2,22.43537214,23.97211119
28.55,27.78346634,30.63018089
29.39,28.81779628,31.87018922
22.94,23.70532253,25.17839923
24.53,25.29565057,27.15804708
24.05,23.28331588,25.02818188
26.26,27.02573568,29.31173175
26.64,27.40597622,29.78501728
23.66,22.89324902,24.54262148
23.99,23.22759371,24.9577684
24.15,24.70493945,26.47429098
27.59,26.62452209,29.23617561
21.35,22.11586623,23.1996231
20.21,20.97558928,21.78021119
22.52,23.28516374,24.65540124
22.93,25.45420797,26.92483611
25.58,24.81426764,26.93376215
23.11,22.34350041,23.8582025
22.12,21.35395659,22.626252
23.13,22.53502309,24.05462227
21.1,21.59027645,22.61281952
25.93,24.08365749,26.28885133
22.22,22.98547147,24.2822524
21.69,21.3461239,22.51313155
24.15,27.01242695,28.78177847
23.83,22.81585474,24.50685259
26.25,28.83612775,31.11967527
24.08,23.95261832,25.70482998
21.08,21.84558867,22.86323462
20.95,21.71620367,22.70201844
22.5,23.26490013,24.63024052
22.79,22.02447546,23.46082387
23.01,22.24382458,23.73404114
28.89,23.22961561,26.15958095
20.49,19.72390723,20.5970886
20.56,19.79785576,20.688177
26.82,26.05511049,28.47822549
26,25.23455831,27.45689202
21.34,20.5729113,21.65421962
22.15,22.91565685,24.1952979
21.83,21.0631137,22.26440108
23.19,22.42719193,23.96148243
23.68,22.9139497,24.56821926
21.9,20.98221058,22.20063783
23.77,24.5347379,26.21104443
26.38,27.14473995,29.46011864
26.75,27.51505046,29.92102559
26.31,27.40318905,29.70142788
21.67,20.90329594,22.06540649
29.1,28.56583793,31.54722287
21.78,21.01438513,22.20342975
20.19,20.95503003,21.75475483
21.35,20.58311878,21.66687565
20.49,19.72452401,20.59770538
21.47,22.23588263,23.34902213
21,20.23336854,21.23142608
21.77,22.3296142,23.51621027
21.16,22.26513824,23.30237261
22.34,21.57445563,22.90061919
21.53,20.76425964,21.89209045
23.56,22.7983392,24.42322614
29.53,28.76269835,31.84937103
22.91,23.67482385,25.14055488
28.37,29.13480336,31.93744397
21.72,25.26599261,26.44034592
24.56,23.79719436,25.66693653
24.12,23.38903221,25.15103808
22.28,24.20292438,25.51439662
22.9,22.53642883,23.99971131
23.2,23.96509742,25.50183647
23.25,21.50181894,23.05080076
23.28,24.04495553,25.601283
23.54,24.08634704,25.70633688
25.96,25.19496214,27.40750164
21.34,20.57430898,21.6556173
21.71,21.8243632,22.99626796
23.21,22.4439415,23.9831291
22.03,22.53613573,23.78639416
24.14,24.90236149,26.66926446
25.99,25.22249799,27.44238314
25.49,24.72251969,26.81997723
21.4,22.39349985,23.48949948
23.51,24.2761166,25.88876077
21.03,20.26353878,21.26894197
23.63,24.3927066,26.03473341
23.6,24.36610189,26.00078304
23.8,23.30907714,24.99272933
23.09,23.85485984,25.36466482
20.5,26.255376,27.13100592
23.1,24.44245612,25.95470965
29.93,29.84133867,33.02595344
24.3,26.17903434,27.98511415
23.65,22.88518184,24.53210575
28.45,29.24873548,32.07096451
21.81,21.04705566,22.24344594
21.13,20.36306655,21.39295527
24.35,23.58371399,25.40203656
26.89,27.24741249,29.68766736
26.56,25.79396789,28.15342053
22.9,23.17052287,24.63380535
20.15,20.91562918,21.70555977
20.06,22.95281572,23.72070934
29.41,29.60640354,32.66369359
25.38,24.61319962,26.68372308
23.69,22.9241568,24.58087492
25.15,24.38669271,26.40089947
24.08,24.84487604,26.5970877
22.93,22.96019155,24.43081969
26.62,26.88177763,29.25592158
28.08,27.31716285,30.04879545
20.67,20.1218144,21.03906972
20.68,22.68784852,23.60755239
22.72,23.48579525,24.90500379
24.52,25.28173411,27.14168207
22.81,22.04309829,23.4843438
20.56,20.92506676,21.815388
28.51,27.8510011,30.68792144
22.94,22.17428958,23.64736627
20.27,23.2079075,24.02722071
25.61,26.37417574,28.5010159
22.99,22.22351945,23.7088389
23.8,25.98406835,27.66772054
20.51,19.17528455,20.05336302
25.04,24.26807502,26.25534771
29,29.35101202,32.30791143
25,24.69535049,26.67282896
30,34.5056602,37.70741484
29,26.90707049,29.8639699
21.199179,20.43257625,21.47940381
23.537303,24.30201415,25.92134361
21.147159,21.15608646,22.19017665
21.538672,22.3032572,23.4332114
26.592745,25.55488186,27.92235228
24.21629,23.45535321,25.24093618
28.618754,27.85416228,30.71771161
25.234771,25.99952461,28.03448799
22.554415,21.78867856,23.16734275
25.043121,24.28110633,26.2691432
22.028747,21.7761597,23.02611133
28.049281,27.28319553,30.00730641
25.571526,24.80468905,26.92210866
21.971253,21.20398778,22.4398617
24.290212,23.52470322,25.32838638
24.317591,25.08361756,26.89400462
22.182067,21.94365234,23.23114517
21.059548,21.82309377,22.83573195
24.881588,24.11547637,26.06396105
26.30527,25.53763218,27.83471284
27.92334,27.15679715,29.85007072
25.075975,24.31024001,26.30632136
26.997947,26.23179583,28.69848208
22.800821,22.03698799,23.47598598
23.427789,24.1923429,25.78485728
20.566735,19.80047264,20.69244298
21.045859,20.28339983,21.29268619
25.853525,24.22569422,26.41216276
21.330595,22.09394375,23.17294921
24.711841,25.47732259,27.38424382
25.804244,25.03741217,27.211814
24.391513,25.64347547,27.47196272
20.911704,21.67606231,22.65250011
21.284052,21.48242276,22.55003191
28.572211,27.80491195,30.65706498
24.569473,23.80386247,25.67592416
27.039014,26.75174199,29.22848371
26.064339,24.21031762,26.44840507
21.776865,21.16936022,22.35763722
21.147159,20.38030109,21.41439128
21.13347,21.87635144,22.90708981
24.550308,23.78382751,25.65119654
24.755647,24.87107275,26.78872011
20.621492,20.0680481,20.97342597
21.869952,22.63598075,23.84705059
21.437372,21.54148019,22.64663055
20.709103,19.94418906,20.87101894
21.598905,20.83250495,21.97720751
26.620123,28.31298845,30.68716252
28.227242,27.80630548,30.57399105
21.05681,20.29071376,21.30268152
25.582478,24.81778548,26.93788674
22.173854,22.93943162,24.22491345
26.223135,25.45850555,27.73547503
24.542094,24.07601409,25.94137188
21.03217,20.26718564,21.27312017
27.192334,26.78488825,29.29917118
27.915127,26.15342018,28.84468276
20.887064,21.65137729,22.62178186
23.129363,22.36276127,23.88220448
26.143737,25.38022023,27.63774869
20.87885,23.14772677,24.1161201
26.110883,25.34992496,27.59940895
20.629706,21.15066533,22.05805445
21.68104,22.44550162,23.61031537
27.285421,26.52083862,29.05791439
20.873374,21.63950217,22.60655467
26.902122,27.00684595,29.45006895
21.470226,22.23457049,23.34776533
21.037645,20.77783507,21.78511019
26.11,26.46145939,28.71072717
26.01,25.24848363,27.47326588
21,20.23455348,21.23261102
21.46575342,21.13214419,22.24424389
21.09863014,20.33357497,21.35578261
20.15342466,19.3904628,20.18123194
24.24383562,25.0096139,26.80194156
21.89041096,22.65743824,23.87351756
26.91780822,26.15397021,28.60103406
28,27.23702649,29.94907066
26,25.23638431,27.45871802
27,24.74791744,27.21510638
28,27.23580267,29.94784684
25,24.23604392,26.21352239
23,21.35728396,22.84505197
21,20.23591251,21.23397005
22,20.85878297,22.10169574
24,23.23515743,24.96778067
21,18.12580628,19.12386381
25,24.23400002,26.21147849
22,22.76453263,24.0074454
22,22.76272958,24.00564236
21,21.76554833,22.76360587
21,20.23817743,21.23623497
22,24.7297579,25.97267067
25,24.23480873,26.21228721
23,22.23477173,23.72253973
26,25.23731363,27.45964734
26,25.23501648,27.45735019
23,22.23537472,23.72314272
22,21.23526985,22.47818262
21,20.23654359,21.23460113
23,23.09533674,24.58310475
25,20.62617685,22.60365532
24,24.76679162,26.49941486
21,20.23604973,21.23410727
25,24.23486066,26.21233913
25,25.76384658,27.74132506
28,27.23503105,29.94707523
29,28.23948032,31.19637972
28,27.23627792,29.94832209
29,28.23589406,31.19279347
23,23.76592234,25.25369034
24,23.23869565,24.97131889
27,26.23771193,28.70490087
23,24.80152732,26.28929533
26,26.765274,28.98760771
22,22.76146005,24.00437282
30,24.55614549,27.75790013
30,29.23501763,32.43677227
27,26.2249447,28.69213364
21,23.03549984,24.03355738
27,27.76562769,30.23281663
29,29.76642284,32.72332224
23,25.76829551,27.25606352
27,23.97627542,26.44346437
27,27.76183726,30.2290262
23,22.23549722,23.72326523
29,28.23484755,31.19174696
30,21.79490593,24.99666057
26.10410959,25.33879325,27.58661873
22.71232877,23.4779645,24.8952947
29.8,30.56663307,33.71941667
28.27945205,26.1558104,28.93627987
22.2,22.96530297,24.25718679
23.8,21.0588299,22.7424821
22.14520548,21.37920064,22.65766773
24.4,24.85765618,26.68822151
23.3,24.06607472,25.62729929
26.3,25.5341708,27.82996108
22.5,18.55448843,19.91982882
22.09315068,22.85953314,24.12525435
26.5,23.5438562,25.88861752
24,24.76709375,26.49971699
23.5,22.73479699,24.34499261
24.8,24.03405578,25.96256321
28.7,29.46257936,32.3460222
29.5,28.35087977,31.43020679
23.7,24.46554276,26.12470943
22.51506849,22.20765861,23.5766886
24.5,23.77918783,25.63423869
22.9,21.75149304,23.21477552
26,25.23551207,27.45784578
22.6,20.66307591,22.05290183
22.5,23.26660989,24.63195028
26.8,25.92547077,28.34368867
25.8,22.06550516,24.23886782
26.9,25.88391881,28.32662222
23.3,22.53445627,24.09568085
25.2,24.437691,26.46414052
22.8,22.03839079,23.47718775
28.1,28.86560895,31.60213865
22.9,22.13332282,23.5966053
23.5,22.73486174,24.34505736
23.7,24.46735839,26.12652506
24.3,23.53743799,25.3435178
24.1,24.86412419,26.62123295
29.5,28.73508893,31.81441595
22.3,22.05142784,23.36779718
22.7,19.48757383,20.90188526
29.7,28.93459362,32.06289169
22.5,21.73291634,23.09825673
27.2,22.04268379,24.55884377
23.2,23.96509983,25.50183888
24.7,17.82392519,19.72794709
24.5,25.26603986,27.12109072
24.6,19.27600761,21.15554399
22.9,20.42875748,21.89203997
24.3,23.53530282,25.34138263
25.7,24.9340395,27.08291664
22,21.23527789,22.47819067
24,23.23290368,24.96552692
23.8,23.90606363,25.58971583
29.2,27.15062109,30.15649155
22.63561644,21.90794053,23.30648732
25.1,25.8643078,27.8662718
27,25.99724413,28.46443307
25.7,15.64989541,17.79877255
24.6,22.72597912,24.6055155
22.4,23.16651422,24.50736909
28.3,27.53353291,30.31903365
27.7,26.93429044,29.57287804
22.6,21.13596027,22.52578618
24.1,23.33407585,25.09118461
24.3,23.53467316,25.34075297
22.9,22.13505474,23.59833722
24.2,23.43600779,25.21760208
22.9,21.6996642,23.16294669
28.7,27.93324482,30.81668766
29,28.03888923,30.99578864
22.8,20.55451818,21.99331514
22.1,24.91850374,26.18590204
24.4,25.16637629,26.99694162
22.48767123,23.1244131,24.48673472
22.7,23.46514731,24.87945875
23.6,23.37481057,25.00949172
27.2,27.9658059,30.48196589
23.2,16.93851403,18.47525309
28.8,24.24185398,27.14978234
25.5,20.41611565,22.51602174
25.5,24.73366786,26.83357395
22,21.45691756,22.69983034
23.10136986,22.33478988,23.84737883
28.94246575,28.177933,31.12074485
23.4,23.68783975,25.27354985
26.7,25.93469814,28.32843051
26.9,26.13254083,28.57524425
24.2,24.96472865,26.74632294
24.2,24.96596525,26.74755954
24.2,24.07770374,25.85929803
27.7,26.71726937,29.35585697
22.08767123,21.3221983,22.58657783
24.3,23.53564676,25.34172657
28.7,25.53261063,28.41605347
23.3,22.49075766,24.05198223
27.6,25.00607093,27.62017302
23.2,21.54284586,23.07958492
22.7,21.59424747,23.00855891
22.1,21.33361411,22.6010124
22,21.23283354,22.47574631
24.2,19.85552429,21.63711858
22.3,23.50952572,24.82589507
25.3,23.37032444,25.42125949
23.9,23.13415785,24.84229557
22.1,21.37577482,22.64317311
24.1,23.71080706,25.46791582
24.7,24.8886782,26.7927001
27.7,24.49641495,27.13500255
23,22.23563881,23.72340681
24,24.76520572,26.49782896
23,31.2392438,32.72701181
24,24.76486035,26.49748359
23,23.76545867,25.25322667
27,25.90471612,28.37190507
25,25.76097386,27.73845233
28,27.20684951,29.91889369
23,23.76542245,25.25319046
24,23.23393218,24.96655542
26,26.76543076,28.98776447
23,22.23647156,23.72423957
26,26.10129598,28.32362969
24,23.23365059,24.96627383
26,26.76666347,28.98899717
27,27.26753315,29.73472209
30,29.23469291,32.43644755
29,28.65441058,31.61130999
26,23.60224359,25.82457729
27,25.69946202,28.16665096
23,22.6062033,24.09397131
29,27.24636675,30.20326616
24,23.62710648,25.35972972
28,28.76620749,31.47825166
28,27.23381997,29.94586415
27,27.76520622,30.23239516
26,25.30858897,27.53092268
26,26.76420383,28.98653753
24,24.30338145,26.03600469
21,25.23427997,26.23233751
28.28473648,29.05018418,31.83194758
27.22518823,27.99147696,30.51380442
23.31279945,22.54737487,24.11173346
27.60301164,26.34152124,28.95636073
23.05544148,23.82149308,25.32283622
23.77549624,24.53786465,26.21551697
23.6440794,24.07318687,25.71866109
26.14373717,25.38175174,27.63928024
25.81519507,26.5768665,28.75394975
23.00342231,23.07761246,24.56621843
23.3100616,23.06792638,24.63161459
28.87611225,29.29195447,32.21851931
24.56673511,18.93348664,20.80487794
26.91033539,26.14493578,28.59016987
25.12251882,25.09602886,27.10350671
25.2238193,24.45858196,26.49086376
25.30869268,26.07398945,28.12705294
27.35660507,28.11896676,30.67347232
24.84052019,27.0538225,28.9922515
28.07392197,28.83960937,31.56975373
23.54825462,24.09784595,25.71985697
25.29774127,21.07730741,23.12768939
25.87268994,24.23544766,26.42660884
28.19164956,27.42665282,30.1856234
24.7063655,23.9406709,25.84625143
23.01711157,22.25209688,23.74405475
27.54551677,27.60166233,30.20242391
27.58932238,23.60898027,26.22046788
28.38877481,29.15047316,31.95771088
28,27.23622791,29.94827209
30,29.23546,32.43721464
22,22.76609842,24.00901119
28,24.81386988,27.52591405
30,27.16647735,30.368232
29,23.83805947,26.79495888
26,26.76579272,28.98812643
25,27.06156225,29.03904072
29,28.10463288,31.06153228
27,27.76549211,30.23268105
22,21.23343355,22.47634632
29,28.2345369,31.19143631
23,26.21454752,27.70231553
28,29.30307693,32.0151211
30,29.23737196,32.4391266
21,22.94249548,23.94055302
21,21.76536776,22.7634253
27,27.01230671,29.47949565
26,25.2336413,27.455975
28,28.58418278,31.29622695
22,22.76259339,24.00550617
27,25.62026635,28.0874553
22,22.76735662,24.0102694
26,25.23523666,27.45757037
25,21.66386864,23.64134711
25,22.09307976,24.07055823
22,22.37799743,23.6209102
21,20.68247021,21.68052775
24,23.23333479,24.96595803
27,24.43303512,26.90022406
24,23.23352162,24.96614486
22,22.76558885,24.00850162
22,21.23369529,22.47660806
22,25.10901318,26.35192595
22,22.76577784,24.00869061
23,23.76214132,25.24990932
23,23.76482088,25.25258889
22,22.76616781,24.00908059
29,24.72976431,27.68666371
29,25.36613895,28.32303836
23,23.76616766,25.25393566
28,26.49529542,29.20733959
26,25.23347755,27.45581126
23,22.23378677,23.72155478
26,26.76553475,28.98786845
24,24.76453421,26.49715745
25,23.10766773,25.0851462
25,24.23327421,26.21075268
21,20.23540261,21.23346015
28,27.6705286,30.38257277
24,27.65316856,29.3857918
21,20.23295521,21.23101275
23,29.30871639,30.7964844
25,25.765682,27.74316047
23,21.63377574,23.12154375
29,26.94839081,29.90529022
24,20.42705038,22.15967362
23,22.63878576,24.12655377
26,24.02537878,26.24771249
27,22.30246171,24.76965065
26,24.80878542,27.03111913
27,20.36710162,22.83429056
24,23.23366866,24.9662919
26,19.45346773,21.67580144
24,22.5668859,24.29950914
28,27.2366364,29.94868057
25,24.23375148,26.21122995
26,22.72770935,24.95004306
26,26.62763337,28.84996708
26,25.23323814,27.45557185
24,23.23478589,24.96740913
27,26.23385556,28.7010445
25,21.52533419,23.50281266
24,23.23360943,24.96623267
24,23.50044304,25.23306628
26,25.72411994,27.94645365
26,24.69447752,26.91681122
23,22.46870233,23.95647033
22,19.67104118,20.91395395
26,22.03951614,24.26184985
22,22.76534116,24.00825393
23,21.28913075,22.77689876
23,21.96273354,23.45050154
26,25.26069919,27.4830329
23,22.23403711,23.72180511
25,24.23348776,26.21096623
22,21.23367084,22.47658362
26,24.39604437,26.61837807
25,22.1777301,24.15520858
26,23.33507152,25.55740523
26,25.23399255,27.45632626
28,27.23451479,29.94655897
25,20.60860713,22.5860856
25,22.1950287,24.17250717
22,19.38216767,20.62508044
23,22.23325302,23.72102103
22,21.23516925,22.47808203
23,21.16802325,22.65579126
24,23.23368679,24.96631003
23,23.76246161,25.25022962
25,24.23517678,26.21265526
24,23.2337837,24.96640694
23,22.2335651,23.72133311
24,20.74786551,22.48048875
26,25.23366982,27.45600353
27,26.23363847,28.70082741
23,23.58784722,25.07561523
21,21.50056146,22.498619
23,22.23477068,23.72253869
21,21.377814,22.37587154
22,27.38435063,28.6272634
21,20.23425363,21.23231117
23,22.23358787,23.72135588
24,23.23543613,24.96805937
24,24.76299327,26.49561651
23,22.23435385,23.72212186
28,25.41084906,28.12289324
28,25.11790412,27.82994829
23,22.40781511,23.89558311
22,21.43657507,22.67948784
24,21.29968171,23.03230495
26,24.52156567,26.74389938
23,23.12461182,24.61237982
23,23.76580656,25.25357457
23,22.37438428,23.86215229
21,21.76425617,22.76231371
23,22.23377284,23.72154085
23,21.98597475,23.47374275
23,23.7227856,25.2105536
24,23.83902127,25.57164451
24,24.76580376,26.498427
24,26.00217227,27.73479551
27,26.23365523,28.70084417
25,25.57035204,27.54783051
24,20.51482061,22.24744385
23,23.76594894,25.25371695
27,26.23443264,28.70162158
24,24.76664651,26.49926975
28,24.41975303,27.1317972
23,22.23381286,23.72158086
29,22.61733952,25.57423893
27,20.56363188,23.03082082
30,26.59149545,29.79325009
23,26.70966202,28.19743003
26,24.69090708,26.91324078
24,23.23466207,24.96728531
29,28.23487449,31.1917739
29,25.77793948,28.73483888
29,26.07839005,29.03528946
25,23.93213603,25.9096145
28,23.38513706,26.09718124
30,29.23327134,32.43502598
24,24.7653641,26.49798734
26,25.23802786,27.46036157
22,21.11246102,22.35537379
26,22.8774414,25.09977511
23,22.23387785,23.72164585
22,21.23587397,22.47878674
21,18.91434358,19.91240112
28,23.05835623,25.77040041
23,23.87091632,25.35868433
28,26.37729918,29.08934336
29,28.23479897,31.19169837
22,22.76596493,24.0088777
27,24.94570472,27.41289366
22,22.76522605,24.00813882
24,23.33781215,25.07043539
25,20.78955795,22.76703642
26,26.76522569,28.9875594
22,21.47553835,22.71845112
22,21.23437801,22.47729078
25,25.76548531,27.74296378
21,20.6671114,21.66516894
22,21.23471683,22.4776296
26,26.76534319,28.98767689
21,15.97004706,16.9681046
24,23.23404062,24.96666386
25,24.23490836,26.21238683
22,22.76648388,24.00939665
25,23.67099582,25.64847429
24,24.41922494,26.15184818
22,22.76445093,24.00736371
21,20.29969949,21.29775703
22,24.16999732,25.41291009
24,24.76315612,26.49577936
27,26.23454358,28.70173252
24,23.233745,24.96636824
21,20.23544195,21.23349948
24,21.45995967,23.19258291
24,24.32191004,26.05453328
24,22.98320698,24.71583022
26,26.76520219,28.9875359
26,27.1270101,29.3493438
21,22.87542073,23.87347827
24,25.39038296,27.1230062
22,26.95496416,28.19787693
28,27.23392127,29.94596545
22,22.76547999,24.00839276
23,22.23425103,23.72201903
23,22.17133207,23.65910008
22,21.23453145,22.47744423
22,27.15471241,28.39762519
21,20.23376546,21.231823
21,21.76641177,22.76446931
22,22.76625305,24.00916582
22,23.10488876,24.34780153
23,20.64895586,22.13672387
25,25.7649551,27.74243358
26,26.41721117,28.63954488
28,27.91040992,30.62245409
24,24.76652454,26.49914778
25,18.7580467,20.73552517
21,26.24930969,27.24736723
23,22.23459587,23.72236388
21,21.76310287,22.76116041
30,29.23451355,32.43626819
27,26.23542913,28.70261807
22,20.52178046,21.76469323
22,22.76596277,24.00887554
21,21.76671775,22.76477529
22,26.84163847,28.08455125
27,23.72631549,26.19350443
21,21.76252713,22.76058467
27,27.76586499,30.23305393
22,22.76571126,24.00862403
24,23.23412717,24.96675041
24,21.89773385,23.63035709
27,26.06517579,28.53236473
21,21.76675695,22.76481449
22,21.23341585,22.47632863
21,19.06168675,20.05974429
23,22.23396215,23.72173016
21,21.76657537,22.76463291
29,27.6092743,30.56617371
24,24.76625142,26.49887466
22,22.76462602,24.0075388
21,21.76589655,22.76395409
23,22.23314892,23.72091693
21,25.03108798,26.02914552
21,21.76211511,22.76017265
22,22.76592674,24.00883951
23,23.76560077,25.25336878
21,21.11010424,22.10816178
30,25.72381569,28.92557033
22,21.23402254,22.47693531
23,25.3722484,26.86001641
25,25.76594253,27.74342101
21,22.94119862,23.93925616
22,21.47881203,22.7217248
24,23.23457527,24.96719851
21,22.77348076,23.7715383
21,17.1093483,18.10740584
28,27.68256117,30.39460535
21,21.76689355,22.76495109
23,23.42835731,24.91612532
22,22.76094549,24.00385827
30,29.2340697,32.43582434
24,24.84727733,26.57990057
21,23.48325265,24.48131019
23,22.23632284,23.72409085
30,29.23454451,32.43629915
25,25.76536035,27.74283883
24,25.13653174,26.86915498
25,24.23326169,26.21074016
26,26.06890361,28.29123732
22,22.76535538,24.00826815
21,21.76430557,22.76236311
23,22.18977198,23.67753998
22,17.46548398,18.70839676
22,21.23474729,22.47766006
23,22.23543638,23.72320438
24,24.7651686,26.49779184
25,27.63677511,29.61425358
21,21.76533949,22.76339703
24,24.31047888,26.04310212
28,27.23409065,29.94613482
22,20.74875486,21.99166764
23,22.32815051,23.81591852
24,23.23438055,24.96700379
29,28.09599901,31.05289842
23,23.76648532,25.25425333
22,21.2348298,22.47774257
29,24.08542003,27.04231943
23,22.2342323,23.72200031
22,22.76481733,24.0077301
22,22.26288069,23.50579346
22,21.23458128,22.47749405
25,24.53690158,26.51438005
21,20.23362515,21.23168269
22,21.23435249,22.47726526
21,20.23497742,21.23303496
29,28.23398647,31.19088588
26,25.23859545,27.46092916
23,22.92872958,24.41649759
23,26.07416048,27.56192849
21,21.30798395,22.30604149
23,22.23321264,23.72098065
26,24.51942762,26.74176132
25,24.23492841,26.21240688
25,24.23428201,26.21176048
21,20.23411062,21.23216816
24,24.76634023,26.49896347
21,20.23365976,21.2317173
22,21.23383904,22.47675181
25,25.76468035,27.74215883
22,22.4887664,23.73167917
29,29.76721369,32.7241131
22,19.79425792,21.03717069
26,25.23487473,27.45720844
25,24.64516309,26.62264157
23,17.06020465,18.54797266
23,23.61568214,25.10345014
22,21.93397577,23.17688855
22,22.76559639,24.00850916
22,18.68134272,19.9242555
22,23.61106893,24.8539817
29,28.23555128,31.19245068
23,23.76565401,25.25342202
26,26.76430351,28.98663722
25,21.52520445,23.50268293
21,20.237096,21.23515354
23,22.23440676,23.72217476
27,26.23462546,28.7018144
21,18.029039,19.02709654
25,24.2339088,26.21138727
21,21.76543099,22.76348853
22,21.71712153,22.9600343
22,22.76573539,24.00864816
28,28.47715776,31.18920194
22,21.32410948,22.56702225
23,22.23555743,23.72332543
21,20.23507829,21.23313583
23,23.76563537,25.25340338
21,21.76245811,22.76051565
25,25.76615017,27.74362864
21,19.31679602,20.31485355
23,22.36748889,23.85525689
23,24.0165695,25.5043375
28,26.03893902,28.75098319
23,23.76505746,25.25282547
29,25.47872764,28.43562705
23,22.23343071,23.72119872
21,21.76612045,22.76417799
24,26.1944234,27.92704664
29,28.23475015,31.19164956
23,23.76692079,25.2546888
24,24.52117281,26.25379605
22,24.84583566,26.08874844
26,27.59305631,29.81539002
21,21.76594281,22.76400035
24,23.07207431,24.80469755
24,23.23451931,24.96714255
25,24.23476824,26.21224671
25,24.23436054,26.21183901
20.25277778,21.0196957,21.83479197
25.08888889,19.33300205,21.33224544
24.20555556,23.44035457,25.22330916
25.9,24.81503128,27.01287947
26.05833333,21.25193079,23.48854772
28.13333333,27.36775226,30.1124438
27.89722222,27.13200913,29.81888763
25.48333333,20.98599838,23.08182355
27.74722222,23.78429295,26.43444316
22.58055556,23.34539006,24.7304549
23.67222222,22.15430838,23.80667351
21.71388889,22.47630902,23.64916599
22.14166667,19.96038082,21.23798141
23.13611111,22.39385099,23.91494652
20.13333333,19.36801791,20.15386758
25.08055556,24.3160652,26.31326812
24.55277778,23.79081547,25.65878925
24.89166667,24.12740423,26.07835672
24.43055556,22.85324179,24.69128881
23.85277778,24.61692672,26.31350183
20.375,19.60907467,20.45409769
25.025,24.25957442,26.24317428
22.55277778,21.78802852,23.16629182
22.02777778,21.26213618,22.51185049
21.44444444,22.21048159,23.31736368
20.51111111,18.16807163,19.04642217
20.12777778,20.17331097,20.95780033
21.11111111,20.81342405,21.83868772
20.41666667,19.96253287,20.81775819
20.48055556,19.71532386,20.58619271
21.02222222,21.78835448,22.79185325
21.21388889,20.4476225,21.49805185
21.19444444,20.42918933,21.47485761
23.4,22.63370521,24.21941531
22.18333333,20.9746206,22.2624235
21.44444444,20.67984832,21.78673041
22.53888889,17.99519586,19.3700584
20.55277778,19.79077887,20.67933171
21.69166667,20.92817867,22.09559441
21.60833333,19.0316288,20.17863994
21.20833333,21.97487654,23.02394559
22.17222222,22.93802362,24.22310591
20.13888889,20.83990002,21.62711
20.23611111,20.99854181,21.80955716
22.72222222,22.10164691,23.52139957
21.96666667,22.73369266,23.96844359
22.78611111,22.01981719,23.45521339
25.47222222,24.30700718,26.40011174
21.59166667,20.82727271,21.97020293
21.29722222,20.53335835,21.6041923
20.24722222,21.01403943,21.82777539
24.56111111,23.79480004,25.66481427
20.26944444,21.03580609,21.85498328
21.52222222,20.75851238,21.88443877
24.33611111,23.57084137,25.38576318
23.32777778,22.56288084,24.13090695
22.45833333,23.26680094,24.62193903
24.11111111,23.34786126,25.10769064
21.7,21.0357446,22.2052008
24.55833333,25.59105198,27.46038606
21.98888889,21.14904318,22.38923534
21.70555556,22.46968273,23.64049924
21.41111111,20.64641031,21.74513056
20.36111111,19.87402704,20.71564929
24.675,25.24855899,27.14645951
21.75833333,19.8547276,21.03846703
20.38333333,20.45021829,21.29728177
21.64166667,22.40776217,23.56293515
24.45555556,24.40971164,26.25388005
20.44722222,20.9530135,21.8157205
22.57777778,23.3403724,24.72475708
24.23055556,24.13127222,25.92034819
21.82222222,21.05689515,22.25627811
24.675,23.90940514,25.80730567
22.10555556,22.87210872,24.14086733
30,29.96426596,33.1660206
30,28.7944396,31.99619425
30,29.23402746,32.4357821
30,28.96419092,32.16594556
30,29.23336794,32.43512258
30,30.43240039,33.63415504
30,25.93038512,29.13213976
30,30.76564648,33.96740112
30,26.97608069,30.17783533
30,30.68113254,33.88288718
30,25.99348667,29.19524131
30,29.23364277,32.43539741
30,26.90814125,30.10989589
29,27.51064158,30.46754098
30,29.23797108,32.43972572
30,29.23472679,32.43648143
30,23.56701795,26.76877259
30,29.23437211,32.43612675
30,30.76515141,33.96690605
30,27.60099274,30.80274738
30,28.56819238,31.76994702
24,24.46712453,26.19974777
24,23.52256709,25.25519033
28,25.2745971,27.98664128
29,28.23354598,31.19044538
24,23.67714062,25.40976386
23,24.1738956,25.66166361
22,22.662638,23.90555077
29,28.23613405,31.19303346
25,24.00304312,25.98052159
22,21.23496742,22.47788019
26,23.61626706,25.83860077
22,22.94778525,24.19069802
30,28.10978349,31.31153813
22,22.76662171,24.00953448
23,23.76487476,25.25264277
26,26.7646724,28.98700611
25,24.2348256,26.21230407
27,26.23407788,28.70126682
29,28.7120565,31.66895591
23,22.23348284,23.72125085
21,20.76242823,21.76048576
26,25.91007564,28.13240935
27,26.23448733,28.70167627
21,21.24469895,22.24275649
29,28.1251163,31.08201571
28,27.23440511,29.94644928
27,27.10072938,29.56791833
24,22.13306048,23.86568372
30,29.23363098,32.43538562
23,23.13957087,24.62733887
22,21.23534959,22.47826236
23.39,24.15186704,25.73512859
22.89,23.65190925,25.11274318
28.98,28.2149967,31.16699901
27.11,26.29195589,28.78607891
24.87,25.63542182,27.58106911
28.47,19.55265963,22.37978577
24.48,25.24649724,27.09665099
22.76,21.99408518,23.42308793
26.05,26.81431952,29.04889599
23.3,25.50528067,27.06650525
26.57,20.93054761,23.2924488
28.25,27.48479336,30.25805134
24.99,24.31886129,26.29389121
24.67,25.42511891,27.32179516
22.23,23.19388067,24.49311015
29.92,29.15434974,32.33651596
25.45,24.68703362,26.77469694
25.09,25.8574904,27.85700584
25.77,26.5325867,28.6986037
26.32,25.20354634,27.50423372
24.06,24.49780976,26.24512431
27.14,27.6455115,30.14698017
29.31,28.54386916,31.57667369
28.76,24.79615678,27.69429094
22.98,22.21426015,23.69713105
27.51,25.50571528,28.09778039
21.68,22.44158767,23.60614676
28.52,27.75451865,30.59388755
28.33,29.9289159,32.7217623
25.88,21.1554311,23.34838218
20.23,19.4636177,20.2731367
25.53,26.28889021,28.39614196
26.7,24.59584012,26.98957249
28.58,27.81623274,30.67029295
25.17,24.40570057,26.42480444
21,21.76295274,22.76101027
27,26.9612924,29.42848134
27,27.76611035,30.23329929
22,23.55914244,24.80205521
29,28.36420701,31.32110641
29,28.23331226,31.19021166
24,24.86215815,26.59478139
27,26.08286198,28.55005092
30,30.00109258,33.20284722
23,23.76484396,25.25261197
26,26.76491881,28.98725251
25,26.02469744,28.00217592
30,29.23332872,32.43508336
27,26.23336727,28.70055621
28,27.88496473,30.5970089
22,22.37981779,23.62273056
22,22.76302512,24.00593789
22,22.67930829,23.92222106
23,22.23313592,23.72090393
29,25.69908867,28.65598808
27,26.23614113,28.70333007
25,25.76584343,27.74332191
29,30.01140242,32.96830183
28,22.7965563,25.50860048
23,25.07818671,26.56595472
25,25.76657879,27.74405726
28,28.76553912,31.47758329
27,26.23443606,28.701625
26,25.34970209,27.57203579
27,27.76641428,30.23360322
23,22.233928,23.72169601
22,24.21500723,25.45792
26,21.71579949,23.9381332
29,28.23486887,31.19176828
29,29.76610288,32.72300229
26,27.07772762,29.30006133
26,25.25023281,27.47256652
29,26.57359924,29.53049865
22,24.07264819,25.31556097
23,23.76604373,25.25381174
26,26.40722691,28.62956062
25,25.76559766,27.74307613
23,22.23332618,23.72109419
30,30.76217668,33.96393132
23,27.83374537,29.32151337
22,22.76461946,24.00753224
26,26.76107024,28.98340395
27,26.60307075,29.07025969
27,26.8021458,29.26933474
27,26.23662815,28.70381709
22,22.76549441,24.00840718
30,30.76561556,33.9673702
25,25.76126336,27.73874183
27,27.7658741,30.23306304
30,30.76480116,33.9665558
27,28.51116321,30.97835215
29,28.23406669,31.1909661
24,24.76155351,26.49417675
23,24.75438489,26.2421529
27,27.76522918,30.23241812
25,25.76159487,27.73907334
22,22.7652552,24.00816797
29,28.23586413,31.19276354
25,25.76303939,27.74051786
23,23.76410032,25.25186832
26,25.23867598,27.46100969
27,27.76536553,30.23255447
30,30.76342305,33.96517769
27,27.76172023,30.22890917
25,25.76623573,27.74371421
27,24.96763102,27.43481996
23,22.93963932,24.42740733
27,27.76111299,30.22830193
24,24.76577094,26.49839418
28,27.2344197,29.94646388
28,28.76489818,31.47694235
29,28.39566087,31.35256028
29,28.23376828,31.19066768
28,28.7653262,31.47737038
24,24.87508996,26.6077132
27,27.01494134,29.48213028
27,26.23418393,28.70137287
28,28.76568988,31.47773405
25,25.76693669,27.74441516
25,25.76522838,27.74270685
23,23.7661189,25.25388691
28,28.68028403,31.39232821
29,29.76114071,32.71804011
30,30.76485322,33.96660786
29,28.23760786,31.19450727
28,28.76276619,31.47481037
27,27.76568752,30.23287646
27,27.76672462,30.23391356
24,24.76448404,26.49710728
22,26.29699992,27.5399127
24,27.20819013,28.94081337
29,30.7424819,33.69938131
29,29.76490518,32.72180459
29,28.23472953,31.19162894
26,25.23311302,27.45544672
24,24.54410152,26.27672476
25,31.4409244,33.41840287
28,27.23280013,29.9448443
28,28.76609781,31.47814198
24,28.34170903,30.07433227
24,25.61461591,27.34723915
27,27.76565642,30.23284536
27,26.87435199,29.34154093
22,22.76454541,24.00745819
28,27.23566477,29.94770895
25,24.53942288,26.51690135
26,26.7638795,28.98621321
23,23.76592328,25.25369129
25,24.30677661,26.28425508
22,21.23591353,22.47882631
29,28.23371153,31.19061094
27,25.66062803,28.12781697
28,20.03663232,22.7486765
27,27.76620159,30.23339053
28,28.76501118,31.47705536
23,24.15218258,25.63995059
30,29.23345078,32.43520543
28,28.76642778,31.47847195
23,26.33963899,27.82740699
24,25.07811857,26.81074181
29,29.76631883,32.72321823
27,28.1360071,30.60319604
25,25.7652236,27.74270207
23,23.78501177,25.27277978
24,24.76546958,26.49809282
22,27.39022086,28.63313364
26,25.16546375,27.38779746
26,26.09263797,28.31497168
25,24.28724979,26.26472827
28,32.25448102,34.96652519
22,21.5919267,22.83483947
23,23.76485145,25.25261946
28,28.12360243,30.8356466
23,22.23383911,23.72160711
30,29.23346747,32.43522211
24,28.24266173,29.97528497
30,30.76515331,33.96690795
27,25.26512331,27.73231225
22,21.60981826,22.85273103
28,31.34550018,34.05754435
28,27.23392872,29.94597289
24,23.23372208,24.96634532
27,26.04962117,28.51681011
27,26.23380331,28.70099225
25,24.23496327,26.21244174
30,29.23579575,32.43755039
27,27.76511954,30.23230849
28,28.13598701,30.84803118
27,26.23245255,28.69964149
26,22.76463613,24.98696984
23,24.71744186,26.20520987
26,27.26580375,29.48813746
23,25.91088047,27.39864848
26,25.23511731,27.45745102
25,24.23388277,26.21136124
29,28.23304307,31.18994247
26,25.504583,27.7269167
22,23.40707077,24.64998354
23,25.21138993,26.69915794
29,29.76470194,32.72160135
29,26.92175538,29.87865479
30,29.23257057,32.43432522
28,27.23368886,29.94573304
25,21.76762002,23.7450985
22,21.23384132,22.47675409
30,29.23489033,32.43664497
27,26.23405951,28.70124845
30,29.23693231,32.43868695
24,24.76397268,26.49659592
24,24.76562995,26.49825319
25,25.76424441,27.74172288
29,28.23492719,31.1918266
27,27.764578,30.23176694
28,27.23411745,29.94616163
25,23.08158725,25.05906573
30,30.76493128,33.96668593
23,30.27639457,31.76416257
25,25.67137898,27.64885745
26,26.76530262,28.98763633
23,23.76517575,25.25294375
24,24.76426967,26.49689291
23,23.76271265,25.25048066
24,24.7662537,26.49887694
27,26.71124415,29.17843309
28,28.76680225,31.47884642
26,25.23488812,27.45722183
26,27.86771249,30.0900462
29,28.82794334,31.78484275
24,24.76599982,26.49862306
26,26.0984636,28.32079731
25,26.58413952,28.56161799
27,26.23290945,28.70009839
30,30.76517979,33.96693443
24,24.76583925,26.49846249
24,21.6210763,23.35369954
27,26.23385138,28.70104032
22,26.28278193,27.5256947
30,30.24445163,33.44620627
24,23.23379887,24.96642211
29,28.23377546,31.19067487
27,26.68494141,29.15213035
24,24.76484238,26.49746562
28,27.23335033,29.94539451
27,27.76552093,30.23270987
30,34.71464132,37.91639596
28,27.2331332,29.94517737
27,28.86578479,31.33297373
27,26.23371306,28.700902
26,25.23587097,27.45820468
27,27.76199183,30.22918077
29,29.27655215,32.23345155
25,24.23317235,26.21065082
26,27.99697298,30.21930668
28,28.76501448,31.47705866
22,23.80770613,25.05061891
27,27.76468009,30.23186903
24,24.76435308,26.49697632
27,26.234427,28.70161594
26,28.88036031,31.10269401
28,28.76374206,31.47578623
28,27.86536568,30.57740986
28,29.8036821,32.51572628
24,24.76630717,26.49893041
26,26.76577313,28.98810683
27,26.23376813,28.70095707
27,26.23410717,28.70129611
27,27.45897223,29.92616118
28,27.23401826,29.94606244
27,26.23368431,28.70087325
30,29.23560392,32.43735856
26,26.76514675,28.98748046
25,25.76524953,27.742728
29,28.237355,31.19425441
24,25.07032118,26.80294442
29,28.23339418,31.19029359
27,26.23469622,28.70188516
23,24.32741956,25.81518757
25,25.76412245,27.74160092
29,28.23375742,31.19065683
22,21.23309651,22.47600929
23,23.26855177,24.75631978
26,25.57016552,27.79249923
30,29.23381034,32.43556498
26,26.76209937,28.98443307
23,23.76542458,25.25319258
23,24.29068506,25.77845306
25,24.23375457,26.21123304
29,29.76570911,32.72260852
25,26.19236443,28.1698429
22,23.30319323,24.54610601
23,22.23470359,23.7224716
26,23.51169337,25.73402708
25,26.40604101,28.38351948
29,29.76593447,32.72283387
30,29.2356113,32.43736594
22,21.23384242,22.47675519
29,29.76484295,32.72174236
24,24.76576988,26.49839312
23,23.76546428,25.25323229
25,30.72295389,32.70043236
23,25.51594233,27.00371033
29,29.76513013,32.72202954
26,26.76096834,28.98330205
24,24.76231102,26.49493426
27,30.46455919,32.93174813
22,22.80693582,24.04984859
23,23.76223488,25.25000288
22,24.4599218,25.70283458
25,25.76724912,27.74472759
25,24.95033943,26.9278179
22,22.76598043,24.0088932
23,24.96090538,26.44867338
26,25.23627944,27.45861315
28,26.79464039,29.50668457
26,25.06608222,27.28841593
30,29.8872361,33.08899074
27,26.23465195,28.7018409
28,30.76265366,33.47469783
28,28.7665939,31.47863807
25,24.2340325,26.21151097
27,26.23349448,28.70068342
26,26.74813302,28.97046673
22,21.23403793,22.4769507
27,27.76232656,30.2295155
29,29.76494092,32.72184033
26,25.23335677,27.45569048
25,25.76541816,27.74289663
22,22.76567165,24.00858442
30,31.91808739,35.11984203
25,24.81993764,26.79741611
27,27.76107038,30.22825932
25,23.40243424,25.37991272
30,29.23386274,32.43561738
26,33.18959204,35.41192575
23,27.69515925,29.18292726
24,24.76160769,26.49423093
29,20.70349907,23.66039848
22,22.76636497,24.00927774
25,25.76500313,27.7424816
23,23.76604504,25.25381305
22,22.77807419,24.02098696
27,26.23277606,28.699965
24,23.23627496,24.9688982
26,23.53104809,25.75338179
23,29.01806168,30.50582968
29,28.23457357,31.19147297
25,24.3284419,26.30592038
27,27.76522677,30.23241571
26,22.40983346,24.63216717
27,26.23706128,28.70425022
27,26.15111775,28.61830669
28,24.88420753,27.59625171
28,24.99440049,27.70644466
28,27.23452095,29.94656512
24,24.76528609,26.49790933
28,24.59350587,27.30555005
25,25.76174749,27.73922596
30,25.42181278,28.62356742
22,24.56433009,25.80724286
29,27.50284634,30.45974575
22,22.7669653,24.00987807
29,26.80239468,29.75929409
26,26.11664894,28.33898265
28,28.54772619,31.25977037
25,25.76497601,27.74245448
27,27.76494264,30.23213158
30,29.23353901,32.43529365
29,28.2345341,31.19143351
25,24.38251056,26.35998903
22,21.23516639,22.47807916
24,23.93950975,25.67213299
23,23.76368766,25.25145566
28,24.97217581,27.68421998
30,29.73500301,32.93675765
25,24.23394353,26.211422
28,26.61397735,29.32602152
22,21.23520591,22.47811868
29,28.23309055,31.18998996
26,25.23544197,27.45777568
27,25.98554886,28.4527378
30,28.71826133,31.92001597
30,32.53984957,35.74160421
28,26.00045022,28.7124944
30,29.23388283,32.43563747
27,26.2347053,28.70189424
29,29.01822151,31.97512091
27,26.23353632,28.70072526
25,24.77651759,26.75399606
28,23.95457552,26.6666197
30,28.56350458,31.76525922
29,28.23368433,31.19058374
27,27.76665201,30.23384096
27,24.77106519,27.23825413
29,28.23302935,31.18992876
26,26.76581356,28.98814727
23,22.2355521,23.7233201
27,27.76504608,30.23223502
25,24.23718093,26.2146594
28,27.23280462,29.9448488
24,23.25331613,24.98593937
22,21.2367926,22.47970538
30,29.23793196,32.4396866
30,26.35257951,29.55433415
25,25.76545384,27.74293231
20.41666667,21.18241719,22.03764251
20.75,18.76930448,19.70614821
20.08333333,19.81635554,20.58996245
21.75,19.55043499,20.73213396
21.66666667,20.90101971,22.06231407
21.16666667,19.27424592,20.31311267
20.16666667,20.93249561,21.72650712
20.5,19.73359955,20.60922947
20.58333333,21.34651287,22.24254739
20.5,19.73359741,20.60922733
21.16666667,20.40077585,21.4396426
21.83333333,21.06762336,22.26972693
20.91666667,20.15166516,21.12931809
20.16666667,19.60552619,20.3995377
21.5,20.73410593,21.85459108
21.16666667,20.40126192,21.44012866
21.83333333,21.06828647,22.27039004
21.41666667,20.65027255,21.75035311
21.83333333,22.59964512,23.80174869
20.75,19.99912338,20.93596711
21.5,22.2654751,23.38596026
21.66666667,21.17994732,22.34124168
20.83333333,21.59626817,22.5535165
20.41666667,19.65033181,20.50555713
21.33333333,22.09783344,23.17750939
21.83333333,21.533319,22.73542256
21.08333333,20.31741099,21.33587313
20.16666667,21.56831059,22.36232211
20.33333333,19.5675145,20.40233522
20.5,21.16625227,22.0418822
21.41666667,20.12040938,21.22048994
20.5,21.26562032,22.14125024
20.66666667,20.4536073,21.37004643
20.33333333,21.96922535,22.80404607
21.91666667,22.13564954,23.35815771
21.66666667,22.015556,23.17685037
21,20.23399733,21.23205487
21.16666667,21.68885766,22.72772441
20.910107,20.14751962,21.12356639
24.17,26.36386153,28.13811016
20.17,19.40372432,20.19855201
23,24.60989578,26.09766378
23.33,20.0854921,21.65406233
25.25,24.48389235,26.52258463
20.75,21.51593377,22.4527775
29.08,22.77122519,25.74771301
26.25,27.01627589,29.29982341
28.08,21.90919182,24.64082442
25.17,24.40320845,26.42231231
28.17,26.2072999,28.96096947
26.67,24.52709195,26.91347867
28.25,25.53782149,28.31107947
22.08,22.77717857,24.03967976
27.25,25.4842254,28.01262815
28.25,24.33546479,27.10872278
27.83,23.13220558,25.80262436
24,24.7656469,26.49827014
23.17,23.49942991,25.0288233
26,25.37637104,27.59870474
27.08,20.77704381,23.26382117
20.25,21.01581211,21.83022823
27,26.23385953,28.70104847
27.08,23.16706329,25.65384065
29.83,29.06519533,32.22532458
29.83,23.73153301,26.89166226
29.83,29.06379623,32.22392548
29.5,27.11934124,30.19866827
20.65,20.86623936,21.77859756
20.34,21.10730796,21.94376104
21,20.23589959,21.23395713
21,20.48124499,21.47930253
21,21.18450533,22.18256287
20.33,25.51261436,26.34661889
20.08,19.31381901,20.08660973
21,17.31027532,18.30833286
21,20.23345925,21.23151679
21,23.61734185,24.61539939
21,21.7625824,22.76063994
21,21.76661211,22.76466965
20.02,19.25645885,20.01455826
20.04,19.27779203,20.04078855
20.3,22.42383847,23.25049735
20.56,20.84480095,21.73512218
21,25.00045761,25.99851515
20.9,19.85717836,20.83075038
21,20.2349886,21.23304614
21,20.23672341,21.23478095
21,20.25357063,21.25162817
21,21.76485611,22.76291365
20.16666667,20.94493104,21.73894256
21,20.23388776,21.2319453
21,21.06408092,22.06213846
20.51,19.74505166,20.62313013
20.47,20.38853624,21.25682051
21,20.23400575,21.23206329
21,20.23461124,21.23266878
21,18.8904988,19.88855634
21,20.23734927,21.23540681
21,20.23469795,21.23275549
25.63,25.04965933,27.1813966
29.2,28.43274416,31.43861461
29.21,28.82460613,31.83292513
21.46,20.69587674,21.80656769
27.75,26.98447935,29.63530972
21,20.23637505,21.23443259
28,27.23498306,29.94702723
23,23.76534218,25.25311019
26,26.2251137,28.44744741
23,22.23415582,23.72192382
27,26.23492349,28.70211243
28,28.76729393,31.4793381
29,27.43615157,30.39305098
23,23.76467726,25.25244527
27,26.23411283,28.70130177
23,22.23880879,23.72657679
30,21.60779348,24.80954812
29,28.54110336,31.49800277
21,20.23388904,21.23194658
21,20.23347834,21.23153588
21,20.71114538,21.70920292
22,21.23717374,22.48008651
28,28.12670422,30.8387484
22,21.23365473,22.4765675
21,22.51416723,23.51222477
22,21.23838447,22.48129724
23,23.76297272,25.25074073
23,23.76578341,25.25355141
21,21.76515837,22.76321591
21,25.2083392,26.20639674
22,21.23675537,22.47966814
24,24.76551914,26.49814238
23,23.06668795,24.55445596
24,23.23408813,24.96671137
25,24.23323056,26.21070904
21,20.23538301,21.23344055
21,25.19025851,26.18831605
24,20.39391082,22.12653406
23,22.23423885,23.72200685
22,21.23553335,22.47844612
23,22.23496911,23.72273712
22,21.23511238,22.47802515
21,23.25149431,24.24955185
21,19.73431444,20.73237198
22,21.23518336,22.47809613
24,23.2343187,24.96694194
22,20.95554146,22.19845424
23,22.23447849,23.7222465
25,24.23476218,26.21224065
21,23.34526642,24.34332396
21,21.76309144,22.76114898
22,21.23931899,22.48223177
21,21.76482447,22.76288201
25,24.23477103,26.2122495
22,19.36950325,20.61241602
21,20.23542613,21.23348367
21,20.70345972,21.70151726
21,20.23373785,21.23179539
21,17.81630144,18.81435898
21,20.79384563,21.79190317
21,20.23428998,21.23234752
21,21.765752,22.76380954
21,21.76637634,22.76443388
23,21.99632965,23.48409765
23,22.23375793,23.72152594
24,23.23530792,24.96793116
24,23.23475506,24.9673783
22,25.22725431,26.47016708
21,21.76492136,22.7629789
22,21.23588614,22.47879891
21,21.76723985,22.76529739
21,21.76741464,22.76547218
21,20.23494611,21.23300365
21,21.76580215,22.76385969
21,20.23583193,21.23388947
22,21.19681204,22.43972482
26,23.55717021,25.77950391
22,22.75353001,23.99644278
21,21.71365537,22.71171291
25,23.28051857,25.25799705
29,28.23488874,31.19178815
28,26.44118216,29.15322633
26,25.23361033,27.45594403
28,27.23698134,29.94902551
22,21.23396993,22.4768827
21,20.23738549,21.23544303
22,22.76443128,24.00734405
30,30.7660539,33.96780854
23,22.23375157,23.72151958
23,23.76542882,25.25319682
23,22.23522798,23.72299599
23,23.90958212,25.39735013
29,28.23509268,31.19199209
24,23.67207522,25.40469846
21,20.23508209,21.23313963
21,22.96861913,23.96667667
21,21.46318311,22.46124065
22,21.97726773,23.22018051
21,21.76705755,22.76511509
22,22.76515321,24.00806598
22,22.76575555,24.00866833
21,20.23561994,21.23367748
22,21.23394712,22.47685989
25,25.48348894,27.46096741
23,22.65261044,24.14037845
21,20.5958766,21.59393414
21,20.23480343,21.23286097
23,26.18389514,27.67166314
21,18.30770635,19.30576388
21,22.06582278,23.06388032
21,21.76594947,22.764007
23,22.23492808,23.72269609
21,24.11549305,25.11355059
21,21.76538224,22.76343978
21,20.23776484,21.23582238
22,21.23381332,22.4767261
22,22.46212733,23.7050401
21,21.76580619,22.76386373
23,23.76586353,25.25363154
22,21.23432556,22.47723833
23,23.38471631,24.87248431
21,21.76592582,22.76398336
24,23.23907177,24.97169501
22,22.76350495,24.00641773
22,19.47066426,20.71357703
25,21.2683876,23.24586608
26,25.23656056,27.45889426
22,21.23381812,22.4767309
25,24.23626892,26.21374739
30,28.1837229,31.38547754
21,20.23672175,21.23477929
30,26.28271515,29.48446979
21,21.76516483,22.76322237
23,22.23430036,23.72206836
24,23.45906363,25.19168687
25,24.23645469,26.21393317
23,22.23396438,23.72173239
21,20.23470131,21.23275885
27,25.44308941,27.91027835
21,19.30498948,20.30304702
27,26.23509697,28.70228591
24,23.2354561,24.96807934
21,20.23744556,21.2355031
21,21.76334315,22.76140069
25,23.01663443,24.9941129
21,21.76444718,22.76250472
28,26.5043694,29.21641357
25,21.19063376,23.16811223
26,26.71504203,28.93737573
29,29.76386167,32.72076108
29,30.90803185,33.86493126
22,21.2375524,22.48046518
21,20.23396107,21.23201861
21,21.60678505,22.60484259
21,21.7664345,22.76449204
21,20.92875919,21.92681673
21,21.76399676,22.7620543
21,20.23358251,21.23164005
21,21.76390042,22.76195796
21,20.2369703,21.23502784
22,21.23587694,22.47878972
22,21.23280831,22.47572109
21,21.76538243,22.76343997
22,22.76241995,24.00533272
22,21.23308658,22.47599935
21,20.86012024,21.85817778
21,20.23434607,21.23240361
22,21.23728006,22.48019283
21,20.23413008,21.23218761
22,22.06008121,23.30299399
22,21.23773548,22.48064825
21,21.37288377,22.37094131
21,20.23469587,21.23275341
22,21.23499889,22.47791167
21,20.23298017,21.23103771
23,22.23946807,23.72723608
21,21.76432687,22.76238441
21,20.72411955,21.72217709
22,21.23479847,22.47771124
22,21.95191484,23.19482761
21,20.23370887,21.23176641
22,21.23396464,22.47687741
22,21.23835532,22.4812681
21,20.77332547,21.77138301
21,20.23843385,21.23649139
21,20.23353502,21.23159256
22,21.23609596,22.47900873
29,27.36033952,30.31723893
27,26.23564729,28.70283623
30,29.2340585,32.43581314
29,28.2337571,31.19065651
28,20.38743065,23.09947483
27,26.23540513,28.70259407
30,23.47229015,26.6740448
26,23.78106052,26.00339423
27,22.55060016,25.0177891
23,23.76477287,25.25254087
24,23.23358612,24.96620936
25,24.23748035,26.21495883
28,27.23314505,29.94518923
23,22.08950888,23.57727689
24,18.77921136,20.5118346
25,25.21902564,27.19650412
25,25.76552203,27.7430005
28,24.27452564,26.98656981
28,27.23570071,29.94774489
23,23.76591985,25.25368785
26,25.23312912,27.45546282
27,26.23412055,28.70130949
25,24.2365452,26.21402367
25,25.765912,27.74339047
27,26.2344143,28.70160324
27,22.25861989,24.72580883
28,26.84088715,29.55293132
26,25.32047588,27.54280959
27,26.77438551,29.24157445
37,34.92293936,39.83868063
39,31.96938212,37.37483386
34,33.23701763,37.4181932
40,28.56395703,34.21426401
35,34.23479459,38.6608254
32,31.23835243,34.92981754
32,23.1661406,26.85760571
31,26.47411184,29.92072172
37,28.45316518,33.36890646
34,32.32294722,36.5041228
33,32.23583403,36.17215437
40,35.72276588,41.37307286
33,28.04363083,31.97995117
35,28.05890001,32.48493082
31,30.23359501,33.68020488
31,21.12543068,24.57204055
31,25.71199784,29.15860771
33,32.23471063,36.17103097
31,28.87175762,32.31836749
31,27.36600944,30.81261932
40,33.48208188,39.13238885
36,24.38533285,29.05621889
34,29.51634999,33.69752556
35,25.45979308,29.88582388
32,27.6718755,31.3633406
33,23.91951578,27.85583612
36,30.48634054,35.15722658
31,22.93519834,26.38180822
32,31.23890402,34.93036912
38,29.55193209,34.7125286
33,24.7678403,28.70416065
31,25.67802381,29.12463369
40,28.35904604,34.00935302
31,24.03200924,27.47861911
32,25.63448034,29.32594545
33,25.86719373,29.80351408
31,28.50125345,31.94786332
32,26.01796927,29.70943437
37,28.19247021,33.10821149
31,25.45152801,28.89813789
32,28.41237817,32.10384328
32,30.09910869,33.7905738
40,34.95737409,40.60768106
36,34.13508278,38.80596882
36,35.23324908,39.90413512
35,34.1011494,38.52718021
34,28.44541721,32.62659279
40,34.2960123,39.94631928
33,32.23553151,36.17185185
34,33.23787842,37.419054
33,25.98294368,29.91926402
40,30.01915327,35.66946025
35,28.44090372,32.86693453
36,33.9046204,38.57550644
31.89,31.51885245,35.18338348
30.66,29.8929539,33.256313
31.84,31.07308527,34.72537354
30.23,28.04626493,31.30433628
33.97,33.20409073,37.37792065
37.59,34.31581271,39.37601858
31.33,32.09481897,35.62223107
30.13,29.36771516,32.60130098
30.22,29.45531966,32.71094245
32.19,30.80466842,34.54265602
36.17,35.40575069,40.11826212
39.94,39.17450416,44.81011982
35.46,33.70725517,38.24591939
33.75,32.98433018,37.10429195
33.21,32.44424413,36.43198407
32.19,29.90471148,33.64269908
38.67,36.18424176,41.50889128
36.61,28.63449812,33.45474585
34.29,35.05396757,39.30615116
32.13,30.62819477,34.35149106
33.07,33.8354677,37.78892791
39.56,37.75427224,43.29684291
31.34,25.89663349,29.42649414
34.91,31.55213991,35.95613375
32.08,31.31713765,35.02819117
30.36,29.59550571,32.88540824
38.52,33.86561392,39.15353515
33.63,31.14061704,35.23119618
38.96,38.19772793,43.59338547
32.86,32.09298167,35.99502228
39.21,33.26897415,38.72584549
38.13,31.19634241,36.3887701
33.24,30.39033512,34.38542071
32.55,32.324432,36.15056749
36.46,33.33566355,38.119183
35.73,31.72033974,36.32511486
30.14,30.90475093,34.1407853
30.26,29.49284052,32.75825753
33.33,32.56773977,36.58486234
31.72,27.93546752,31.55837316
38.19,34.10262344,39.30974244
33.35,29.07784163,33.09986131
34.44,33.45015488,37.73906676
31,29.27401753,32.72062741
40,39.23507298,44.88537995
30.93,30.16378083,33.59325084
35.99,25.8241973,30.49263479
30.96,28.44527417,31.88208984
35.84,32.87608849,37.5077977
32,31.23726662,34.92873173
35,32.56085346,36.98688427
37,26.39247907,31.30822035
36,35.23817778,39.90906382
38,35.78466063,40.94525714
31,31.32234742,34.76895729
35,34.23522427,38.66125508
31,28.05841064,31.50502051
31,31.76507614,35.21168602
32.3,30.37935883,34.14428051
30.6,27.00463208,30.35329986
32.3,16.8726404,20.63756208
31.1,30.33521398,33.80630938
31.5,30.8223356,34.3913731
30.50136986,28.7712158,32.09573348
31.4,26.18648381,29.73103578
31.6,30.83902311,34.43254613
30.6,29.00708971,32.35575749
31.38630137,21.37059527,24.91179305
33,23.87063311,27.80695345
32.8,30.82317157,34.71052087
32,31.45779284,35.14925795
31,31.76671773,35.21332761
31.6,28.23288558,31.8264086
31.9,28.14423755,31.81121714
32.6,31.83751352,35.67589177
32.3,29.90887016,33.67379184
31.5,28.71118229,32.28021978
32,25.31686079,29.00832589
31.1,28.39116053,31.86225593
31.5,30.73371087,34.30274836
30.2,28.06143142,31.31215711
30.9,32.11178083,35.53390519
31.2,27.98005937,31.47564029
33,32.23400067,36.17032101
35,34.10110575,38.52713656
32,31.2379241,34.92938921
32,31.23762011,34.92908522
32.3559206,31.590384,35.36899813
31.61396304,28.56085829,32.15780023
31.3045859,30.53799361,34.05918293
30.88021903,29.04365878,32.46093966
38.05612594,31.61160306,36.7859423
32.12867899,31.36495748,35.08793031
39.60301164,35.07734733,40.63044963
30.24503765,29.12312535,32.38487874
34.66666667,27.35779296,31.70220536
35.78370979,28.58860933,33.20653558
30.24229979,30.91151489,34.1725979
35.28542094,32.9501436,37.44606122
36,35.23470787,39.90559392
32,31.23447846,34.92594357
36,33.80331524,38.47420128
31,30.23799033,33.6846002
38,34.46168862,39.62228513
36,26.36667206,31.0375581
34,21.97273701,26.15391258
39,33.87437071,39.27982245
40,31.01557321,36.66588018
37,32.69170167,37.60744294
36,33.31391613,37.98480217
40,26.5271471,32.17745407
33,31.82735641,35.76367676
31,27.14725543,30.5938653
36,28.04459638,32.71548242
36,35.23438947,39.90527552
38,32.05286288,37.21345939
37,30.24144595,35.15718723
32,24.053312,27.74477711
36,28.17084483,32.84173087
32,31.23270218,34.92416729
39,28.12720705,33.53265879
31,30.23684856,33.68345844
32,30.29644277,33.98790788
38,29.33364813,34.49424464
35,34.23762601,38.66365682
33,26.88356361,30.81988395
35,25.48384893,29.90987974
33,32.23291634,36.16923668
32,31.23427588,34.92574098
32,28.90365502,32.59512013
33,27.20304001,31.13936035
31,25.57365145,29.02026132
32,29.88970877,33.58117388
31,30.2331708,33.67978068
35,34.23574428,38.66177509
31,29.07848772,32.5250976
36,27.4134319,32.08431794
33,31.05068008,34.98700043
34,33.23382768,37.41500325
37,32.460686,37.37642728
31,26.29575596,29.74236583
31,30.23556502,33.6821749
32,29.92432073,33.61578583
37,27.49813752,32.41387879
32,29.60547387,33.29693898
32,23.11236049,26.8038256
37,36.23402849,41.14976976
36,35.2350249,39.90591094
36,35.23515112,39.90603716
33,33.76589432,37.70221466
40,33.16284975,38.81315672
36,35.23510747,39.90599351
31,26.84237071,30.28898059
31,30.23490766,33.68151753
32,31.23498806,34.92645317
40,33.26546591,38.91577288
39,31.56364552,36.96909726
33,29.69125362,33.62757396
36,28.15472164,32.82560769
37,30.89852396,35.81426523
36,35.23474755,39.90563359
39,36.41490457,41.82035631
38,37.23858581,42.39918232
36,35.89671993,40.56760598
38,31.81278512,36.97338163
38,34.94649168,40.10708819
31,30.23424365,33.68085352
38,33.96417198,39.12476849
34,34.76483609,38.94601167
35,28.38612954,32.81216034
31,33.4552322,36.90184208
32,31.23442249,34.9258876
32,24.06552586,27.75699097
33,33.76531892,37.70163926
32,31.23658903,34.92805414
36,28.60322802,33.27411407
37,32.64454792,37.5602892
37,36.23448417,41.15022544
35,34.2342615,38.66029231
37,32.18051227,37.09625355
37,36.21012398,41.12586526
40,33.67158646,39.32189344
37,31.61772182,36.5334631
34,30.08329532,34.2644709
35,34.23483344,38.66086425
37,31.62867336,36.54441463
32,31.23547721,34.92694232
34,33.23587745,37.41705303
36,30.33212605,35.00301209
36,29.93731353,34.60819957
36,31.80468544,36.47557148
31,28.45097651,31.89758639
32,22.69374714,26.38521225
32,31.23362478,34.92508989
32,31.23590545,34.92737056
35,34.23904684,38.66507765
40,31.53795542,37.1882624
35,34.23494275,38.66097356
34,33.2338218,37.41499737
32,31.23588525,34.92735036
35,32.47146129,36.8974921
40,26.02453126,31.67483823
34,28.26483915,32.44601473
35,35.76500929,40.19104009
32,31.76623497,35.45770008
31,31.76652645,35.21313632
38,37.23823259,42.3988291
32,28.04391983,31.73538494
39,30.92211614,36.32756788
34,25.60203247,29.78320804
34,30.15487398,34.33604955
31,28.92359448,32.37020435
34,33.23479483,37.4159704
32,32.76508813,36.45655324
31,31.76611492,35.2127248
35,34.23327913,38.65930993
31,30.71059473,34.15720461
39,29.26442883,34.66988057
36,27.01095858,31.68184463
40,32.10002021,37.75032719
34,33.89363878,38.07481435
35,32.14945644,36.57548725
31,30.23748431,33.68409418
31,29.78699664,33.23360652
32,26.4855321,30.17699721
37,30.35472855,35.27046983
36,28.27760669,32.94849273
36,27.6213907,32.29227674
38,26.6377169,31.79831341
33,25.83051708,29.76683742
36,31.67405172,36.34493776
34,31.68500411,35.86617968
40,27.42059559,33.07090257
32,26.76390061,30.45536572
32,25.95291761,29.64438272
34,33.23469743,37.415873
33,32.23543995,36.17176029
32,29.15885182,32.85031693
34,28.44895626,32.63013183
30.98,29.4441834,32.88589617
39.3,31.53925933,37.01816764
30.38,29.61714523,32.91194486
30.84,30.07440708,33.48184012
37.59,36.91035461,41.97056047
30.92,21.62342735,25.0504488
33.7,29.05554105,33.16326005
33.29,32.52846556,36.53579392
34.18,29.9000899,34.12533942
34.83,29.2067703,33.59117572
37,29.05563896,33.97138024
37,36.23670589,41.15244716
38.87,33.21677817,38.59039873
31.74,30.40175347,34.02955622
39.27,24.26900418,29.74056684
32.53,31.76742537,35.58866375
33.16,24.37208077,28.34757795
33,24.56965941,28.50597976
36.68,34.37148015,39.20886775
36,32.15266685,36.82355289
32.94,28.35226646,32.27389548
39.33333333,27.58793216,33.07500232
37.16666667,22.40269495,27.35924544
36.58333333,33.30640627,38.12012453
39,35.87614099,41.28159273
39.75,33.82410286,39.41319603
37.75,36.98726565,42.08664835
38.41666667,27.65206117,32.9146807
36.83333333,16.82262827,21.69756034
38.16666667,29.76426841,34.96567413
39.16666667,33.00978922,38.45605017
36.75,26.44201104,31.29653851
36,32.76953498,37.44042103
36.33333333,26.88936239,31.64186684
38.5,30.10281968,35.3858438
39.41666667,29.7489595,35.25643426
38.5,24.79281837,30.07584249
38,35.31680648,40.47740299
38.83333333,27.80108219,33.16572473
36.08333333,33.52708354,38.21837419
38,33.05175265,38.21234916
37.66666667,32.07306984,37.15204794
38.5,30.71204931,35.99507344
36.66666667,28.12686517,32.96098804
40,27.10102928,32.75133626
38.16666667,33.50708271,38.70848843
39,34.63220197,40.03765371
40,26.7902426,32.44054958
36.58333333,30.19488599,35.00860425
36.25,28.64789177,33.37999162
37.66666667,27.13966207,32.21864017
36.75,28.71274237,33.56726983
39.75,26.45544914,32.04454231
37.58333333,31.19155265,36.25012615
38.33333333,29.16406888,34.4062838
38.25,36.30702049,41.52883081
33,32.23431633,36.17063667
34,26.71759457,30.89877015
31,27.77947028,31.22608016
35,30.88897053,35.31500134
32,31.98268497,35.67415008
32,28.75309892,32.44456403
31,27.73869351,31.18530338
31,30.97254453,34.4191544
32,31.23754644,34.92901155
31,29.9815117,33.42812158
32,30.6213597,34.31282481
33,29.33208169,33.26840204
33,32.23895395,36.17527429
32,28.49903352,32.19049863
34,33.23302506,37.41420064
31,27.34727363,30.79388351
33,29.61646828,33.55278863
33,30.41512046,34.3514408
32,31.17366271,34.86512782
34,33.2342182,37.41539377
34,30.45378235,34.63495793
31,31.7580165,35.20462637
33,32.23384918,36.17016952
32,30.63949571,34.33096082
32,31.23374778,34.92521289
32,30.9469372,34.63840231
33,31.46869592,35.40501626
31,30.23346978,33.68007965
31,28.98356862,32.43017849
34,30.07239164,34.25356721
33,32.2343353,36.17065565
32,27.12661723,30.81808234
31,30.23366022,33.6802701
31,29.32362192,32.77023179
35,34.23862843,38.66465924
34,30.95799822,35.1391738
34,29.18925765,33.37043322
31,31.76581398,35.21242386
33,32.23490818,36.17122852
33,31.07300501,35.00932535
32,31.23712909,34.9285942
31,30.2359879,33.68259777
32,32.42553374,36.11699885
35,28.75837797,33.18440878
32,31.23336828,34.92483339
35,31.74199521,36.16802602
32,31.23873279,34.9301979
32,31.00332022,34.69478533
31,29.85785111,33.30446099
31,27.58387692,31.03048679
32,31.23232584,34.92379094
32,32.76443557,36.45590067
33,32.23656983,36.17289017
31,24.52478649,27.97139637
33,30.78436451,34.72068485
34,33.23446698,37.41564255
36,34.22443742,38.89532347
31,30.23344958,33.68005945
33,32.23395658,36.17027692
35,32.16242312,36.58845393
31,30.23410286,33.68071273
31,30.23373828,33.68034815
35,34.23497628,38.66100708
31,31.76105829,35.20766817
32,32.76587233,36.45733743
31,30.2345059,33.68111577
34,32.65910959,36.84028517
31,30.36592301,33.81253288
31,30.23584885,33.68245872
33,31.23696339,35.17328373
31,27.97995557,31.42656545
33,33.7663066,37.70262694
36,28.7685414,33.43942744
32,32.76503919,36.4565043
31,28.43012515,31.87673502
32,32.30039867,35.99186378
34,29.18592267,33.36709824
34,26.61761684,30.79879242
32,32.76633502,36.45780013
31,30.2339051,33.68051498
32,28.54876004,32.24022515
32,31.23476101,34.92622612
35,30.58928182,35.01531263
31,31.76620497,35.21281485
34,33.23364305,37.41481863
33,28.33975722,32.27607756
32,29.46118328,33.15264839
31,31.7659921,35.21260198
32,31.23467182,34.92613693
33,32.23417677,36.17049712
34,26.85879467,31.03997024
33,32.23422438,36.17054472
33,30.49250132,34.42882166
31,30.30106126,33.74767114
34,31.37914512,35.56032069
31,26.0824311,29.52904097
32,30.88825627,34.57972138
31,28.33652076,31.78313063
32,31.23410451,34.92556962
31,30.9901023,34.43671217
35,29.59871906,34.02474986
31,29.75546324,33.20207311
35,29.6491624,34.07519321
33,31.31097817,35.24729851
33,32.2344845,36.17080484
32,24.81572884,28.50719395
33,32.23569722,36.17201756
33,33.76622375,37.70254409
35,34.23304074,38.65907154
32,31.23449954,34.92596465
32,31.2335728,34.92503791
31,27.11633171,30.56294158
33,32.23450279,36.17082313
31,30.23380751,33.68041739
33,32.23494177,36.17126211
36,32.53790962,37.20879566
31,30.23429784,33.68090771
33,33.76494137,37.70126171
32,30.32990534,34.02137044
31,27.38248543,30.8290953
34,33.23435943,37.41553501
32,29.61238821,33.30385332
37,31.24499791,36.16073919
34,33.2333529,37.41452848
32,33.04871998,36.74018509
34,27.79274032,31.97391589
32,28.88967066,32.58113576
31,30.23414953,33.6807594
31,30.50311909,33.94972897
31,30.06363881,33.51024869
33,32.13636964,36.07268998
34,29.84081859,34.02199416
33,28.84110122,32.77742156
33,32.13306813,36.06938848
32,29.88129266,33.57275776
32,32.76622944,36.45769455
32,31.78919892,35.48066403
33,28.53403074,32.47035108
35,33.10824958,37.53428039
31.75,30.98405636,34.61430766
34.67,31.87730607,36.22253465
37.42,31.73482541,36.75340588
34.75,26.26195127,30.62676827
37.33,29.53001117,34.52655468
34.25,31.25709121,35.4994806
31.25,23.24844872,26.7562724
30.83,30.0637908,33.46877529
33.5,24.86689703,28.92564499
35.58,26.05747294,30.62551978
34.58,28.72285785,33.04604946
37.33,33.41981658,38.41636008
31.33,22.88397066,26.41138276
30.25,23.18100905,26.4439775
32.08,26.7241313,30.43518482
37.75,29.17291163,34.27229433
35.08,32.16065205,36.60627127
37.25,27.09887945,32.07583454
37,27.86129234,32.77703362
37,29.50240546,34.41814674
38.33,31.37858649,36.61998523
36.17,30.57744945,35.28996088
31.75,28.19516184,31.82541314
35.25,25.26133944,29.74858405
36.33,32.98844279,37.74013105
34.67,30.36586122,34.71108981
35.33,36.09529479,40.60212783
33.25,32.48439941,36.48193356
36.5,28.18580308,32.97911674
32.08,30.82755981,34.53861334
33.17,29.23480666,33.21275239
37.25,36.48481986,41.46177494
37.42,36.65390157,41.67248205
34.67,27.96582553,32.31105411
34.92,25.9985033,30.40494569
37.17,31.11581909,36.07318575
38.67,28.83542956,34.16007908
35.75,31.81940929,36.42908153
37.08,31.31317535,36.24850505
38,32.5956917,37.75628821
30.08,30.84174115,34.06308421
38.92,29.87775734,35.26362067
36.5,31.39358443,36.18689809
36.25,35.48396609,40.21606594
40,33.04129157,38.69159855
40,23.76178178,29.41208875
39,27.82633813,33.23178987
39.83,26.80813343,32.41681502
39.08,27.94800122,33.37304138
31.39,30.62471135,34.16681477
33.13,32.36312781,36.33127934
31,29.85110276,33.29771263
34,30.85584012,35.0370157
31,25.23943962,28.68604949
36,27.32684541,31.99773146
38,28.27508423,33.43568074
34,30.35335534,34.53453091
33,30.99561055,34.93193089
31,31.765698,35.21230788
34,30.87458107,35.05575665
31,30.23500905,33.68161893
37,28.61905892,33.5348002
39,28.08111636,33.4865681
32,25.85046609,29.5419312
39,28.93825108,34.34370282
33,29.87464055,33.8109609
32,26.6707839,30.362249
37,31.33356389,36.24930516
35,25.85384039,30.2798712
36,24.05433971,28.72522575
38,30.93638365,36.09698016
38,32.08946043,37.25005694
31,28.47546054,31.92207041
34,28.23867664,32.41985222
31,28.18002284,31.62663271
31,23.96287852,27.4094884
34,25.74950457,29.93068014
34,21.86329384,26.04446942
32,31.23312434,34.92458945
